ccode,ctryname,year,illtreatment,scarring,stealth,RstrctAccess,wdi_gdpc,wdi_pop,civilwar,parcomp,parreg,NatlElec,protest,protesterviolence,region,democ,autoc,polity2
2,United States of America,1995,54,28,49,1,33849.4637673874,266278000,0,5. competitive,5. regulated,0,,,,10,0,10
2,United States of America,1996,38,25,45,1,34711.0150902025,269394000,0,5. competitive,5. regulated,0,,,,10,0,10
2,United States of America,1997,56,45,75,1,35855.4477795904,272657000,0,5. competitive,5. regulated,0,,,,10,0,10
2,United States of America,1998,55,36,71,1,36935.3485368457,275854000,0,5. competitive,5. regulated,1,,,,10,0,10
2,United States of America,1999,25,23,38,1,38152.8450346995,279040000,0,5. competitive,5. regulated,0,,,,10,0,10
2,United States of America,2000,15,13,14,1,39122.4141157652,282172000,0,5. competitive,5. regulated,0,,,,10,0,10
2,United States of America,2001,19,12,18,1,39016.9178493701,285082000,0,5. competitive,5. regulated,0,,,,10,0,10
2,United States of America,2002,28,18,25,1,39271.2875967333,287804000,0,5. competitive,5. regulated,1,,,,10,0,10
2,United States of America,2003,35,29,32,1,39912.2002854543,290326000,0,5. competitive,5. regulated,0,,,,10,0,10
2,United States of America,2004,43,22,35,1,40984.9477735834,293046000,0,5. competitive,5. regulated,0,,,,10,0,10
2,United States of America,2005,35,18,31,0,41832.6504511759,295561000,,5. competitive,5. regulated,0,,,,10,0,10
20,Canada,1995,2,1,0,0,27792.2086673705,29354000,0,5. competitive,5. regulated,0,2,1,3,10,0,10
20,Canada,1996,1,0,0,0,27939.5270472683,29671900,0,5. competitive,5. regulated,0,1,0,3,10,0,10
20,,1997,,,,,,,,,,,2,0,3,10,0,10
20,,1998,,,,,,,,,,,0,0,3,10,0,10
20,,1999,,,,,,,,,,,0,0,3,10,0,10
20,Canada,2000,4,1,0,0,32463.3430263767,30769700,0,5. competitive,5. regulated,1,4,2,3,10,0,10
20,Canada,2001,5,0,0,0,32710.532371159,31081900,0,5. competitive,5. regulated,0,0,0,3,10,0,10
20,Canada,2002,1,2,1,0,33366.4725608714,31362000,0,5. competitive,5. regulated,0,0,0,3,10,0,10
20,Canada,2003,1,4,4,0,33657.1423156301,31676000,0,5. competitive,5. regulated,0,1,1,3,10,0,10
20,Canada,2004,2,2,5,0,34361.1965018553,31995000,0,5. competitive,5. regulated,1,0,0,3,10,0,10
20,Canada,2005,2,1,1,0,35002.3380963082,32312000,,5. competitive,5. regulated,0,2,1,3,10,0,10
31,,1995,,,,,,,,,,,,,,,,
31,,1996,,,,,,,,,,,,,,,,
31,,1997,,,,,,,,,,,,,,,,
31,,1998,,,,,,,,,,,,,,,,
31,,1999,,,,,,,,,,,,,,,,
31,,2000,,,,,,,,,,,,,,,,
31,,2001,,,,,,,,,,,,,,,,
31,,2002,,,,,,,,,,,,,,,,
31,,2003,,,,,,,,,,,,,,,,
31,,2004,,,,,,,,,,,,,,,,
31,,2005,,,,,,,,,,,,,,,,
40,Cuba,1995,13,11,6,1,,10910121,0,1. repressed,4. restricted,0,0,0,3,0,7,-7
40,Cuba,1996,13,8,10,1,,10954959,0,1. repressed,4. restricted,0,0,0,3,0,7,-7
40,Cuba,1997,19,15,12,1,,10993809,0,1. repressed,4. restricted,0,0,0,3,0,7,-7
40,Cuba,1998,19,10,12,1,,11027829,0,1. repressed,4. restricted,1,0,0,3,0,7,-7
40,Cuba,1999,17,12,14,1,,11058483,0,1. repressed,4. restricted,0,1,0,3,0,7,-7
40,Cuba,2000,11,5,10,1,,11086832,0,1. repressed,4. restricted,0,0,0,3,0,7,-7
40,Cuba,2001,10,5,6,1,,11113666,0,1. repressed,4. restricted,0,0,0,3,0,7,-7
40,Cuba,2002,7,11,6,1,,11138855,0,1. repressed,4. restricted,0,0,0,3,0,7,-7
40,Cuba,2003,17,5,13,1,,11161419,0,1. repressed,4. restricted,1,0,0,3,0,7,-7
40,Cuba,2004,16,5,11,1,,11179849,0,1. repressed,4. restricted,0,0,0,3,0,7,-7
40,Cuba,2005,1,0,1,0,,11193192,,1. repressed,4. restricted,0,0,0,3,0,7,-7
41,Haiti,1995,1,3,0,0,1104.4115904593,7860725,0,3. factional,2. multiple identity,1,2,1,3,7,0,7
41,Haiti,1996,7,6,3,0,1127.704359974,8016832,0,3. factional,2. multiple identity,0,1,0,3,7,0,7
41,Haiti,1997,1,8,0,0,1135.8436369777,8174788,0,3. factional,2. multiple identity,1,4,3,3,7,0,7
41,Haiti,1998,2,5,1,0,1138.5406674876,8333514.999999999,0,3. factional,2. multiple identity,0,3,3,3,7,0,7
41,Haiti,1999,1,6,1,0,1147.662067279,8491550,0,,,0,6,5,3,-88,-88,2
41,,2000,,,,,,,,,,,4,4,3,1,3,-2
41,,2001,,,,,,,,,,,1,0,3,1,3,-2
41,Haiti,2002,0,1,0,0,1083.5981764065,8954225,0,3. factional,2. multiple identity,0,4,2,3,1,3,-2
41,Haiti,2003,1,3,0,0,1069.4592976264,9105487,0,3. factional,2. multiple identity,0,2,1,3,1,3,-2
41,Haiti,2004,2,3,1,0,1014.9260353616,9257096,0,,,0,8,2,3,-88,-88,0
41,Haiti,2005,0,1,0,0,1016.4051281402,9409991,,,,0,2,0,3,-88,-88,3
42,Dominican Republic,1995,2,4,1,0,4382.6964331349,8123665,0,3. factional,2. multiple identity,0,6,6,3,5,0,5
42,Dominican Republic,1996,2,2,2,0,4613.2250197707,8268093.999999999,0,4. transitional,2. multiple identity,1,3,1,3,8,0,8
42,Dominican Republic,1997,2,1,2,0,4898.418312449,8409983,0,4. transitional,2. multiple identity,0,5,4,3,8,0,8
42,Dominican Republic,1998,1,1,1,0,5155.8983760799,8550144,0,4. transitional,2. multiple identity,1,4,4,3,8,0,8
42,Dominican Republic,1999,1,0,0,0,5413.7108542122,8689797,0,4. transitional,2. multiple identity,0,2,1,3,8,0,8
42,Dominican Republic,2000,2,2,0,0,5629.2306767115,8829829,0,4. transitional,2. multiple identity,1,1,1,3,8,0,8
42,Dominican Republic,2001,0,2,0,0,5641.2824169851,8970376,0,4. transitional,2. multiple identity,0,3,0,3,8,0,8
42,,2002,,,,,,,,,,,1,1,3,8,0,8
42,Dominican Republic,2003,1,1,1,0,5771.4748482339,9252034,0,4. transitional,2. multiple identity,0,2,2,3,8,0,8
42,Dominican Republic,2004,0,1,0,0,5759.5211752191,9392871,0,4. transitional,2. multiple identity,1,1,1,3,8,0,8
42,,2005,,,,,,,,,,,0,0,3,8,0,8
51,Jamaica,1995,1,2,0,0,6938.8918962089,2480000,0,4. transitional,2. multiple identity,0,0,0,3,9,0,9
51,Jamaica,1996,0,1,0,0,6848.3685000081,2509923.42512675,0,4. transitional,2. multiple identity,0,1,0,3,9,0,9
51,Jamaica,1997,5,5,1,0,6705.7567951508,2534068.675075717,0,4. transitional,2. multiple identity,1,0,0,3,9,0,9
51,Jamaica,1998,0,1,1,0,6491.0319874595,2556780.051158097,0,4. transitional,2. multiple identity,0,1,0,3,9,0,9
51,Jamaica,1999,2,2,0,0,6514.4248214365,2574289.364077007,0,4. transitional,2. multiple identity,0,2,2,3,9,0,9
51,Jamaica,2000,2,7,4,0,6533.3467371387,2589388.55137656,0,4. transitional,2. multiple identity,0,0,0,3,9,0,9
51,Jamaica,2001,12,13,1,0,6582.0696046604,2604788.619062975,0,4. transitional,2. multiple identity,0,1,0,3,9,0,9
51,Jamaica,2002,1,4,0,0,6613.6799348808,2617495.224446455,0,4. transitional,2. multiple identity,1,1,0,3,9,0,9
51,Jamaica,2003,0,1,0,0,6924.8114275147,2625700,0,4. transitional,2. multiple identity,0,5,4,3,9,0,9
51,Jamaica,2004,1,3,0,0,6988.2561331465,2638100,0,4. transitional,2. multiple identity,0,2,2,3,9,0,9
51,Jamaica,2005,0,1,0,0,7027.4444450914,2650400,,4. transitional,2. multiple identity,0,2,0,3,9,0,9
52,Trinidad and Tobago,1995,2,3,1,0,10623.6902646562,1264623,0,4. transitional,2. multiple identity,1,,,,9,0,9
52,,1996,,,,,,,,,,,,,,9,0,9
52,,1997,,,,,,,,,,,,,,10,0,10
52,,1998,,,,,,,,,,,,,,10,0,10
52,Trinidad and Tobago,1999,1,5,2,0,12508.8227786012,1289934,0,5. competitive,5. regulated,0,,,,10,0,10
52,Trinidad and Tobago,2000,4,5,2,0,13223.1522403286,1295100,0,5. competitive,5. regulated,1,,,,10,0,10
52,Trinidad and Tobago,2001,2,3,3,0,13712.7223849214,1299999,0,5. competitive,5. regulated,1,,,,10,0,10
52,Trinidad and Tobago,2002,3,4,2,0,14759.0983862774,1304624,0,5. competitive,5. regulated,1,,,,10,0,10
52,Trinidad and Tobago,2003,0,3,1,0,16831.4320133214,1309114,0,5. competitive,5. regulated,0,,,,10,0,10
52,Trinidad and Tobago,2004,2,1,0,0,18098.6257119513,1313634,0,5. competitive,5. regulated,0,,,,10,0,10
52,Trinidad and Tobago,2005,0,2,0,0,19008.4339477146,1318300,,5. competitive,5. regulated,0,,,,10,0,10
53,,1995,,,,,,,,,,,,,,,,
53,,1996,,,,,,,,,,,,,,,,
53,,1997,,,,,,,,,,,,,,,,
53,,1998,,,,,,,,,,,,,,,,
53,,1999,,,,,,,,,,,,,,,,
53,,2000,,,,,,,,,,,,,,,,
53,,2001,,,,,,,,,,,,,,,,
53,,2002,,,,,,,,,,,,,,,,
53,,2003,,,,,,,,,,,,,,,,
53,,2004,,,,,,,,,,,,,,,,
53,,2005,,,,,,,,,,,,,,,,
54,,1995,,,,,,,,,,,,,,,,
54,,1996,,,,,,,,,,,,,,,,
54,,1997,,,,,,,,,,,,,,,,
54,,1998,,,,,,,,,,,,,,,,
54,,1999,,,,,,,,,,,,,,,,
54,,2000,,,,,,,,,,,,,,,,
54,,2001,,,,,,,,,,,,,,,,
54,,2002,,,,,,,,,,,,,,,,
54,,2003,,,,,,,,,,,,,,,,
54,,2004,,,,,,,,,,,,,,,,
54,,2005,,,,,,,,,,,,,,,,
55,,1995,,,,,,,,,,,,,,,,
55,,1996,,,,,,,,,,,,,,,,
55,,1997,,,,,,,,,,,,,,,,
55,,1998,,,,,,,,,,,,,,,,
55,,1999,,,,,,,,,,,,,,,,
55,,2000,,,,,,,,,,,,,,,,
55,,2001,,,,,,,,,,,,,,,,
55,,2002,,,,,,,,,,,,,,,,
55,,2003,,,,,,,,,,,,,,,,
55,,2004,,,,,,,,,,,,,,,,
55,,2005,,,,,,,,,,,,,,,,
56,,1995,,,,,,,,,,,,,,,,
56,,1996,,,,,,,,,,,,,,,,
56,,1997,,,,,,,,,,,,,,,,
56,,1998,,,,,,,,,,,,,,,,
56,,1999,,,,,,,,,,,,,,,,
56,,2000,,,,,,,,,,,,,,,,
56,,2001,,,,,,,,,,,,,,,,
56,,2002,,,,,,,,,,,,,,,,
56,,2003,,,,,,,,,,,,,,,,
56,,2004,,,,,,,,,,,,,,,,
56,,2005,,,,,,,,,,,,,,,,
57,,1995,,,,,,,,,,,,,,,,
57,,1996,,,,,,,,,,,,,,,,
57,,1997,,,,,,,,,,,,,,,,
57,,1998,,,,,,,,,,,,,,,,
57,,1999,,,,,,,,,,,,,,,,
57,,2000,,,,,,,,,,,,,,,,
57,,2001,,,,,,,,,,,,,,,,
57,,2002,,,,,,,,,,,,,,,,
57,,2003,,,,,,,,,,,,,,,,
57,,2004,,,,,,,,,,,,,,,,
57,,2005,,,,,,,,,,,,,,,,
58,,1995,,,,,,,,,,,,,,,,
58,,1996,,,,,,,,,,,,,,,,
58,,1997,,,,,,,,,,,,,,,,
58,,1998,,,,,,,,,,,,,,,,
58,,1999,,,,,,,,,,,,,,,,
58,,2000,,,,,,,,,,,,,,,,
58,,2001,,,,,,,,,,,,,,,,
58,,2002,,,,,,,,,,,,,,,,
58,,2003,,,,,,,,,,,,,,,,
58,,2004,,,,,,,,,,,,,,,,
58,,2005,,,,,,,,,,,,,,,,
60,,1995,,,,,,,,,,,,,,,,
60,,1996,,,,,,,,,,,,,,,,
60,,1997,,,,,,,,,,,,,,,,
60,,1998,,,,,,,,,,,,,,,,
60,,1999,,,,,,,,,,,,,,,,
60,,2000,,,,,,,,,,,,,,,,
60,,2001,,,,,,,,,,,,,,,,
60,,2002,,,,,,,,,,,,,,,,
60,,2003,,,,,,,,,,,,,,,,
60,,2004,,,,,,,,,,,,,,,,
60,,2005,,,,,,,,,,,,,,,,
70,Mexico,1995,14,28,17,0,9949.2758563396,91145000,0,3. factional,2. multiple identity,0,10,2,3,4,0,4
70,Mexico,1996,35,33,20,0,10299.5390990689,92570752.00000001,0,3. factional,2. multiple identity,0,6,0,3,4,0,4
70,Mexico,1997,38,55,24,0,10838.675160474,93926295.99999999,0,4. transitional,2. multiple identity,1,3,0,3,6,0,6
70,Mexico,1998,17,12,8,1,11212.3350080527,95251064,0,4. transitional,2. multiple identity,0,8,2,3,6,0,6
70,Mexico,1999,21,23,13,1,11485.8267697404,96584488,0,3. factional,2. multiple identity,0,4,3,3,6,0,6
70,Mexico,2000,28,27,12,1,12071.4532523682,97966000,0,4. transitional,2. multiple identity,0,8,4,3,8,0,8
70,Mexico,2001,16,15,9,1,11927.3336219386,98994087.38359584,0,4. transitional,2. multiple identity,0,3,0,3,8,0,8
70,Mexico,2002,11,10,2,1,11904.6860501983,100002340.2680825,0,4. transitional,2. multiple identity,0,1,1,3,8,0,8
70,Mexico,2003,4,5,4,1,11943.9325659554,101020862.1888918,0,4. transitional,2. multiple identity,1,2,1,3,8,0,8
70,Mexico,2004,15,20,8,1,12297.866794858,102049757.7359621,0,4. transitional,2. multiple identity,0,3,0,3,8,0,8
70,Mexico,2005,8,5,3,1,12563.4632964496,103089132.564478,,4. transitional,2. multiple identity,0,2,0,3,8,0,8
80,,1995,,,,,,,,,,,,,,,,
80,,1996,,,,,,,,,,,,,,,,
80,,1997,,,,,,,,,,,,,,,,
80,,1998,,,,,,,,,,,,,,,,
80,,1999,,,,,,,,,,,,,,,,
80,,2000,,,,,,,,,,,,,,,,
80,,2001,,,,,,,,,,,,,,,,
80,,2002,,,,,,,,,,,,,,,,
80,,2003,,,,,,,,,,,,,,,,
80,,2004,,,,,,,,,,,,,,,,
80,,2005,,,,,,,,,,,,,,,,
90,Guatemala,1995,2,3,1,0,3663.3457897544,10006653,0,3. factional,2. multiple identity,1,0,0,2,4,1,3
90,Guatemala,1996,3,9,3,0,3686.4340748531,10238102,0,4. transitional,2. multiple identity,1,3,2,2,8,0,8
90,Guatemala,1997,1,3,2,0,3760.7228402467,10473834,0,4. transitional,2. multiple identity,0,5,3,2,8,0,8
90,Guatemala,1998,0,1,1,0,3859.2719109003,10716036,0,4. transitional,2. multiple identity,0,0,0,2,8,0,8
90,Guatemala,1999,2,2,1,0,3915.803118931,10967633,0,4. transitional,2. multiple identity,1,0,0,2,8,0,8
90,Guatemala,2000,0,0,0,0,3962.0842693286,11230704,0,4. transitional,2. multiple identity,0,1,1,2,8,0,8
90,Guatemala,2001,1,1,0,0,3957.4428920738,11506144,0,4. transitional,2. multiple identity,0,14,3,2,8,0,8
90,Guatemala,2002,2,3,2,0,4010.3650071075,11793335,0,4. transitional,2. multiple identity,0,8,4,2,8,0,8
90,Guatemala,2003,1,0,0,0,4010.6470035076,12090955,0,4. transitional,2. multiple identity,1,10,4,2,8,0,8
90,Guatemala,2004,0,3,0,0,4034.9535207372,12396934,0,4. transitional,2. multiple identity,0,4,2,2,8,0,8
90,Guatemala,2005,1,0,0,0,4063.9563286978,12709738,,4. transitional,2. multiple identity,0,8,4,2,8,0,8
91,Honduras,1995,1,5,3,0,2767.3866646844,5587997,0,4. transitional,2. multiple identity,0,3,1,2,6,0,6
91,Honduras,1996,2,3,3,0,2801.0381474521,5719352,0,4. transitional,2. multiple identity,0,3,0,2,6,0,6
91,Honduras,1997,2,0,0,0,2876.1816280198,5848074,0,4. transitional,2. multiple identity,0,8,1,2,6,0,6
91,Honduras,1998,0,1,0,0,2896.6883110002,5975159,0,4. transitional,2. multiple identity,0,4,1,2,6,0,6
91,Honduras,1999,1,1,0,0,2782.8455146104,6102074,0,4. transitional,2. multiple identity,0,5,0,2,7,0,7
91,,2000,,,,,,,,,,,2,0,2,7,0,7
91,Honduras,2001,1,1,1,0,2900.7373751964,6359157,0,4. transitional,2. multiple identity,0,1,0,2,7,0,7
91,Honduras,2002,0,1,0,0,2949.1646203398,6489560,0,4. transitional,2. multiple identity,0,4,1,2,7,0,7
91,Honduras,2003,1,2,1,0,3021.7554327041,6621657,0,4. transitional,2. multiple identity,0,1,1,2,7,0,7
91,Honduras,2004,1,2,1,0,3146.2862545008,6755919,0,4. transitional,2. multiple identity,0,6,0,2,7,0,7
91,Honduras,2005,2,1,2,0,3270.4546597173,6892691,,4. transitional,2. multiple identity,0,2,0,2,7,0,7
92,El Salvador,1995,0,0,1,0,4627.9998434946,5728340,0,4. transitional,2. multiple identity,0,12,7,2,7,0,7
92,El Salvador,1996,1,3,1,0,4658.6593304818,5787735,0,4. transitional,2. multiple identity,0,4,1,2,7,0,7
92,El Salvador,1997,1,1,0,0,4815.089330659,5837469,0,4. transitional,2. multiple identity,1,1,0,2,7,0,7
92,El Salvador,1998,0,1,0,0,4960.4697906041,5878844,0,4. transitional,2. multiple identity,0,4,0,2,7,0,7
92,El Salvador,1999,3,2,1,0,5100.9080755067,5914159,0,4. transitional,2. multiple identity,1,2,0,2,7,0,7
92,,2000,,,,,,,,,,,4,1,2,7,0,7
92,El Salvador,2001,0,1,0,0,5247.9826471769,5972541,0,4. transitional,2. multiple identity,0,2,1,2,7,0,7
92,,2002,,,,,,,,,,,0,0,2,7,0,7
92,,2003,,,,,,,,,,,3,1,2,7,0,7
92,,2004,,,,,,,,,,,5,1,2,7,0,7
92,,2005,,,,,,,,,,,0,0,2,7,0,7
93,Nicaragua,1995,0,1,0,0,1814.3811604929,4659448,0,3. factional,2. multiple identity,0,4,3,2,8,0,8
93,Nicaragua,1996,0,1,0,0,1890.0707072519,4756622,0,3. factional,2. multiple identity,0,2,1,2,8,0,8
93,,1997,,,,,,,,,,,4,3,2,8,0,8
93,,1998,,,,,,,,,,,3,1,2,8,0,8
93,Nicaragua,1999,1,1,1,0,2066.4786280798,5021072,0,3. factional,2. multiple identity,0,4,3,2,8,0,8
93,Nicaragua,2000,0,2,0,0,2117.5714327956,5100914,0,3. factional,2. multiple identity,0,4,2,2,8,0,8
93,Nicaragua,2001,0,1,0,0,2148.3483731129,5176700,0,3. factional,2. multiple identity,0,1,0,2,8,0,8
93,Nicaragua,2002,0,1,0,0,2134.8764335628,5248641,0,3. factional,2. multiple identity,0,2,0,2,8,0,8
93,,2003,,,,,,,,,,,2,1,2,8,0,8
93,,2004,,,,,,,,,,,2,2,2,8,0,8
93,,2005,,,,,,,,,,,6,2,2,8,0,8
94,Costa Rica,1995,0,3,0,0,7207.1679214263,3478643,0,5. competitive,5. regulated,0,7,1,2,10,0,10
94,Costa Rica,1996,1,2,0,0,7091.0762289922,3566940,0,5. competitive,5. regulated,0,2,2,2,10,0,10
94,Costa Rica,1997,1,0,0,0,7300.1763585963,3658043,0,5. competitive,5. regulated,0,0,0,2,10,0,10
94,,1998,,,,,,,,,,,0,0,2,10,0,10
94,,1999,,,,,,,,,,,1,0,2,10,0,10
94,,2000,,,,,,,,,,,8,2,2,10,0,10
94,,2001,,,,,,,,,,,0,0,2,10,0,10
94,,2002,,,,,,,,,,,2,0,2,10,0,10
94,,2003,,,,,,,,,,,2,1,2,10,0,10
94,,2004,,,,,,,,,,,3,1,2,10,0,10
94,,2005,,,,,,,,,,,2,0,2,10,0,10
95,,1995,,,,,,,,,,,2,1,2,9,0,9
95,Panama,1996,0,0,0,0,7226.1089096421,2727291,0,5. competitive,5. regulated,0,2,1,2,9,0,9
95,Panama,1997,0,0,0,0,7540.0946328506,2782593,0,5. competitive,5. regulated,0,0,0,2,9,0,9
95,,1998,,,,,,,,,,,4,2,2,9,0,9
95,,1999,,,,,,,,,,,0,0,2,9,0,9
95,,2000,,,,,,,,,,,2,0,2,9,0,9
95,,2001,,,,,,,,,,,1,1,2,9,0,9
95,,2002,,,,,,,,,,,0,0,2,9,0,9
95,Panama,2003,2,1,3,0,8256.4031866812,3119453,0,5. competitive,5. regulated,0,4,2,2,9,0,9
95,,2004,,,,,,,,,,,1,0,2,9,0,9
95,Panama,2005,0,1,2,0,9185.559725855201,3231624,,5. competitive,5. regulated,0,3,2,2,9,0,9
100,Colombia,1995,5,10,2,0,6705.9478088697,36459011,0,3. factional,2. multiple identity,0,2,0,1,7,0,7
100,Colombia,1996,7,15,0,0,6722.0883658297,37119213,0,3. factional,2. multiple identity,0,4,0,1,7,0,7
100,Colombia,1997,13,16,0,0,6830.638602856,37782390,0,3. factional,2. multiple identity,0,12,2,1,7,0,7
100,Colombia,1998,6,9,0,0,6750.8057889396,38447016,1,3. factional,2. multiple identity,1,5,0,1,7,0,7
100,Colombia,1999,5,5,0,0,6357.206304165,39111030,1,3. factional,2. multiple identity,0,7,0,1,7,0,7
100,Colombia,2000,5,6,0,0,6434.2589761527,39772905,1,3. factional,2. multiple identity,0,6,0,1,7,0,7
100,Colombia,2001,5,14,0,0,6467.4835573432,40431645,1,3. factional,2. multiple identity,0,6,0,1,7,0,7
100,Colombia,2002,13,15,2,0,6520.7563320899,41087424,1,3. factional,2. multiple identity,1,5,0,1,7,0,7
100,Colombia,2003,12,23,5,0,6714.6526642482,41741289,0,3. factional,2. multiple identity,0,2,0,1,7,0,7
100,Colombia,2004,5,3,0,0,6919.4575927238,42394904,1,3. factional,2. multiple identity,0,5,0,1,7,0,7
100,Colombia,2005,1,2,0,1,7204.1260964165,43049245,,3. factional,2. multiple identity,0,6,1,1,7,0,7
101,Venezuela,1995,22,20,12,0,10161.7054573851,22043000,0,4. transitional,2. multiple identity,0,6,1,1,8,0,8
101,Venezuela,1996,20,24,19,0,9934.731517378201,22502000,0,4. transitional,2. multiple identity,0,13,5,1,8,0,8
101,Venezuela,1997,9,10,5,0,10357.3165495391,22959000,0,4. transitional,2. multiple identity,0,10,0,1,8,0,8
101,Venezuela,1998,6,4,3,0,10186.3441294671,23413000,0,4. transitional,2. multiple identity,1,6,1,1,8,0,8
101,Venezuela,1999,8,7,2,0,9395.975942221699,23867000,0,4. transitional,2. multiple identity,0,10,1,1,7,0,7
101,Venezuela,2000,5,1,5,0,9564.4715830568,24311000,0,4. transitional,2. multiple identity,0,9,0,1,7,0,7
101,Venezuela,2001,2,3,0,0,9707.8219212645,24765000,0,3. factional,2. multiple identity,0,18,1,1,6,0,6
101,Venezuela,2002,2,5,1,0,8688.5002088402,25220000,0,3. factional,2. multiple identity,0,10,0,1,6,0,6
101,Venezuela,2003,3,4,1,0,7872.9552661988,25674000,0,3. factional,2. multiple identity,0,2,0,1,6,0,6
101,Venezuela,2004,9,7,4,0,9151.185285814099,26127000,0,3. factional,2. multiple identity,0,16,1,1,6,0,6
101,,2005,,,,,,,,,,,14,0,1,6,0,6
110,,1995,,,,,,,,,,,0,0,1,6,0,6
110,Guyana,1996,1,2,0,0,2269.6306326638,759254,0,3. factional,2. multiple identity,0,0,0,1,6,0,6
110,Guyana,1997,0,1,0,0,2413.1524019922,758564,0,3. factional,2. multiple identity,0,3,2,1,6,0,6
110,Guyana,1998,0,2,0,0,2375.8088622777,757323,0,3. factional,2. multiple identity,0,8,3,1,6,0,6
110,,1999,,,,,,,,,,,1,0,1,6,0,6
110,Guyana,2000,1,2,0,0,2416.0822148998,756259,0,3. factional,2. multiple identity,0,0,0,1,6,0,6
110,Guyana,2001,2,5,0,0,2467.4554033309,757175,0,3. factional,2. multiple identity,0,1,1,1,6,0,6
110,Guyana,2002,1,1,0,0,2487.9372110559,758834,0,3. factional,2. multiple identity,0,1,1,1,6,0,6
110,Guyana,2003,1,1,0,0,2456.4011513961,760850,0,3. factional,2. multiple identity,0,1,0,1,6,0,6
110,Guyana,2004,1,1,0,0,2531.3113367252,762654,0,3. factional,2. multiple identity,0,1,0,1,6,0,6
110,,2005,,,,,,,,,,,0,0,1,6,0,6
115,,1995,,,,,,,,,,,1,0,1,6,1,5
115,,1996,,,,,,,,,,,0,0,1,6,1,5
115,,1997,,,,,,,,,,,0,0,1,6,1,5
115,,1998,,,,,,,,,,,9,0,1,6,1,5
115,,1999,,,,,,,,,,,13,5,1,6,1,5
115,,2000,,,,,,,,,,,0,0,1,6,1,5
115,,2001,,,,,,,,,,,0,0,1,6,1,5
115,,2002,,,,,,,,,,,4,0,1,6,1,5
115,Suriname,2003,0,1,0,0,5543.0547798711,487301,0,,,0,1,0,1,6,1,5
115,,2004,,,,,,,,,,,1,0,1,6,1,5
115,,2005,,,,,,,,,,,1,0,1,6,1,5
116,,2001,0,0,0,,,,,,,0,,,,,,
116,,2002,0,0,0,,,,,,,0,,,,,,
116,,2004,0,1,0,,,,,,,0,,,,,,
130,Ecuador,1995,6,7,4,0,5652.4971699841,11406764,0,4. transitional,2. multiple identity,0,6,0,1,9,0,9
130,Ecuador,1996,3,2,2,0,5688.7709561883,11606142,0,4. transitional,2. multiple identity,1,2,0,1,9,0,9
130,Ecuador,1997,4,4,1,0,5824.6619668981,11794811,0,4. transitional,2. multiple identity,0,5,1,1,8,0,8
130,Ecuador,1998,2,2,0,0,5858.7799929062,11973871,0,4. transitional,2. multiple identity,1,6,2,1,9,0,9
130,Ecuador,1999,8,5,1,0,5412.274232035,12145184,0,4. transitional,2. multiple identity,0,11,1,1,9,0,9
130,Ecuador,2000,8,10,5,0,5489.339508624,12310314,0,3. factional,2. multiple identity,0,18,2,1,6,0,6
130,Ecuador,2001,6,10,0,0,5708.3180760213,12469838,0,3. factional,2. multiple identity,0,11,1,1,6,0,6
130,Ecuador,2002,8,5,1,0,5878.0531982938,12623953,0,3. factional,2. multiple identity,1,10,1,1,6,0,6
130,Ecuador,2003,4,3,1,0,6016.9641510065,12773494,0,3. factional,2. multiple identity,0,11,1,1,6,0,6
130,Ecuador,2004,1,3,1,0,6424.9954914664,12919359,0,3. factional,2. multiple identity,0,8,1,1,6,0,6
130,Ecuador,2005,2,1,1,0,6736.0602060762,13062507,,3. factional,2. multiple identity,0,11,2,1,6,0,6
135,Peru,1995,6,9,5,0,5295.1403909352,23943275,0,3. factional,3. sectarian,1,2,0,1,3,2,1
135,Peru,1996,5,4,2,0,5334.0411018037,24367206,0,3. factional,3. sectarian,0,4,0,1,3,2,1
135,Peru,1997,12,6,4,1,5603.5291487851,24787466,0,3. factional,3. sectarian,0,7,1,1,3,2,1
135,Peru,1998,7,12,5,1,5475.0918293827,25202027,0,3. factional,3. sectarian,0,9,0,1,3,2,1
135,Peru,1999,13,14,7,1,5437.5012640751,25608226,0,3. factional,3. sectarian,0,8,2,1,3,2,1
135,Peru,2000,11,18,5,1,5512.7062870353,26004162,0,,,1,8,2,1,-88,-88,5
135,Peru,2001,5,8,2,1,5443.8771974646,26389531,0,4. transitional,2. multiple identity,1,4,0,1,9,0,9
135,Peru,2002,1,1,0,1,5636.9765675165,26764956,0,4. transitional,2. multiple identity,0,10,2,1,9,0,9
135,Peru,2003,2,0,0,1,5785.2157082405,27130720,0,4. transitional,2. multiple identity,0,9,1,1,9,0,9
135,Peru,2004,1,1,0,1,5994.3163485623,27487438,0,4. transitional,2. multiple identity,0,10,2,1,9,0,9
135,Peru,2005,2,2,0,1,6323.3613376029,27835927,,4. transitional,2. multiple identity,0,3,0,1,9,0,9
140,Brazil,1995,12,38,5,1,7723.6645278881,161691994,0,4. transitional,2. multiple identity,0,6,0,1,8,0,8
140,Brazil,1996,15,20,7,1,7771.270977484,164156558,0,4. transitional,2. multiple identity,0,4,0,1,8,0,8
140,Brazil,1997,15,27,10,1,7913.3530112112,166649884,0,4. transitional,2. multiple identity,0,8,0,1,8,0,8
140,Brazil,1998,19,26,12,1,7798.7987882986,169161808,0,4. transitional,2. multiple identity,0,11,2,1,8,0,8
140,Brazil,1999,28,35,18,1,7703.8934207947,171675320,0,4. transitional,2. multiple identity,0,10,0,1,8,0,8
140,Brazil,2000,21,32,13,1,7920.4922912283,174174447,0,4. transitional,2. multiple identity,0,9,1,1,8,0,8
140,Brazil,2001,22,35,16,1,7911.419429901,176659138,0,4. transitional,2. multiple identity,0,8,1,1,8,0,8
140,Brazil,2002,9,14,6,1,8009.9989899596,179123364,0,4. transitional,2. multiple identity,1,4,0,1,8,0,8
140,Brazil,2003,7,11,5,1,7994.121064824,181537359,0,4. transitional,2. multiple identity,0,8,1,1,8,0,8
140,Brazil,2004,10,10,1,1,8344.160749963999,183863524,0,4. transitional,2. multiple identity,0,3,2,1,8,0,8
140,Brazil,2005,10,18,5,1,8505.417043511299,186074634,,4. transitional,2. multiple identity,0,4,0,1,8,0,8
145,Bolivia,1995,15,8,3,0,3190.1354160903,7484182,0,4. transitional,2. multiple identity,0,14,8,1,9,0,9
145,Bolivia,1996,5,3,1,0,3257.1499003018,7649893,0,4. transitional,2. multiple identity,0,13,6,1,9,0,9
145,Bolivia,1997,3,7,3,0,3346.1612649989,7815308,0,4. transitional,2. multiple identity,0,4,1,1,9,0,9
145,Bolivia,1998,2,9,1,0,3441.4676018389,7981049,0,4. transitional,2. multiple identity,0,7,3,1,9,0,9
145,Bolivia,1999,3,5,1,0,3385.2707990641,8148173,0,4. transitional,2. multiple identity,0,3,1,1,9,0,9
145,Bolivia,2000,6,12,6,0,3399.5743355506,8317370.999999999,0,4. transitional,2. multiple identity,0,5,3,1,9,0,9
145,Bolivia,2001,9,8,3,0,3387.041186709,8488714,0,4. transitional,2. multiple identity,0,1,0,1,9,0,9
145,Bolivia,2002,6,4,3,0,3401.9271036564,8661639,0,4. transitional,2. multiple identity,0,2,1,1,9,0,9
145,,2003,,,,,,,,,,,2,2,1,8,0,8
145,Bolivia,2004,0,1,1,0,3499.5764404278,9009162,0,3. factional,2. multiple identity,0,4,2,1,8,0,8
145,,2005,,,,,,,,,,,3,2,1,8,0,8
150,Paraguay,1995,10,4,1,0,4262.8873263115,4801818,0,3. factional,2. multiple identity,0,2,1,1,7,0,7
150,Paraguay,1996,3,1,1,0,4184.3096634104,4911685,0,3. factional,2. multiple identity,0,6,0,1,7,0,7
150,Paraguay,1997,5,1,1,0,4215.4647910089,5021254,0,3. factional,2. multiple identity,0,1,0,1,7,0,7
150,Paraguay,1998,5,0,0,0,4149.440049837,5130706,0,3. factional,2. multiple identity,0,0,0,1,6,0,6
150,Paraguay,1999,1,1,0,0,4002.4590299351,5240303,0,3. factional,2. multiple identity,0,2,1,1,7,0,7
150,Paraguay,2000,15,9,4,0,3789.065426593,5350235,0,3. factional,2. multiple identity,0,2,0,1,7,0,7
150,Paraguay,2001,19,12,7,0,3789.1666746003,5460533,0,3. factional,2. multiple identity,0,8,1,1,7,0,7
150,Paraguay,2002,3,1,1,0,3712.1443934473,5571125,0,3. factional,2. multiple identity,0,4,0,1,7,0,7
150,Paraguay,2003,2,2,1,0,3779.4756686335,5681974,0,3. factional,2. multiple identity,0,2,0,1,8,0,8
150,Paraguay,2004,1,1,0,0,3860.3316905568,5793007,0,3. factional,2. multiple identity,0,5,0,1,8,0,8
150,Paraguay,2005,0,2,0,0,3896.5992782093,5904155,,3. factional,2. multiple identity,0,2,0,1,8,0,8
155,Chile,1995,1,3,2,0,9139.741543337301,14410020,0,4. transitional,2. multiple identity,0,4,1,1,8,0,8
155,Chile,1996,3,5,2,0,9668.9731335818,14631100,0,4. transitional,2. multiple identity,0,8,2,1,8,0,8
155,Chile,1997,5,7,2,0,10162.4054741539,14840234,0,4. transitional,2. multiple identity,1,7,1,1,8,0,8
155,Chile,1998,3,5,3,0,10351.9470440029,15039204,0,4. transitional,2. multiple identity,0,2,2,1,8,0,8
155,Chile,1999,11,12,10,0,10143.685740331,15231200,0,4. transitional,2. multiple identity,0,4,1,1,8,0,8
155,Chile,2000,1,1,1,0,10470.1504521163,15418704,0,4. transitional,2. multiple identity,1,5,0,1,9,0,9
155,Chile,2001,2,4,1,0,10696.6663792991,15601862,0,4. transitional,2. multiple identity,1,9,2,1,9,0,9
155,Chile,2002,4,3,1,0,10806.7988883517,15780152,0,4. transitional,2. multiple identity,0,11,2,1,9,0,9
155,Chile,2003,3,5,1,0,11107.2320635002,15954700,0,4. transitional,2. multiple identity,0,5,0,1,9,0,9
155,Chile,2004,1,2,1,0,11652.5238424125,16126817,0,4. transitional,2. multiple identity,0,3,1,1,9,0,9
155,,2005,,,,,,,,,,,2,1,1,9,0,9
160,Argentina,1995,0,5,1,0,9616.4459809043,34771691,0,4. transitional,2. multiple identity,1,3,3,1,7,0,7
160,Argentina,1996,5,10,2,0,10018.0341665827,35222503,0,4. transitional,2. multiple identity,0,6,2,1,7,0,7
160,Argentina,1997,7,9,1,0,10694.4309702902,35670986,0,4. transitional,2. multiple identity,1,5,2,1,7,0,7
160,Argentina,1998,5,3,1,0,10970.7889232162,36111222,0,4. transitional,2. multiple identity,0,0,0,1,7,0,7
160,Argentina,1999,5,4,2,0,10476.3061770209,36535442,0,4. transitional,2. multiple identity,0,4,2,1,8,0,8
160,Argentina,2000,13,14,8,0,10280.1734869999,36938728,0,4. transitional,2. multiple identity,0,4,1,1,8,0,8
160,Argentina,2001,14,13,6,0,9727.0679728267,37317983,0,4. transitional,2. multiple identity,1,11,3,1,8,0,8
160,Argentina,2002,11,11,0,0,8584.885900081401,37676467,0,4. transitional,2. multiple identity,0,8,3,1,8,0,8
160,Argentina,2003,9,15,0,0,9258.2681655551,38023463,0,4. transitional,2. multiple identity,1,3,0,1,8,0,8
160,Argentina,2004,6,9,4,0,10002.5524301602,38372041,0,4. transitional,2. multiple identity,0,8,0,1,8,0,8
160,Argentina,2005,17,12,5,0,10819.3003889965,38731603,,4. transitional,2. multiple identity,1,1,0,1,8,0,8
165,Uruguay,1995,2,2,1,0,8555.9929994092,3218193,0,5. competitive,5. regulated,0,3,0,1,10,0,10
165,,1996,,,,,,,,,,,2,0,1,10,0,10
165,Uruguay,1997,2,1,0,0,9378.5075618219,3256181.753097205,0,5. competitive,5. regulated,0,1,0,1,10,0,10
165,Uruguay,1998,1,0,0,0,9751.441836121299,3273776.896635294,0,5. competitive,5. regulated,0,1,0,1,10,0,10
165,Uruguay,1999,5,0,0,0,9430.5325152727,3288819.058122351,0,5. competitive,5. regulated,1,3,1,1,10,0,10
165,,2000,,,,,,,,,,,1,0,1,10,0,10
165,Uruguay,2001,0,0,0,0,8926.943030005101,3308356.424789716,0,5. competitive,5. regulated,0,1,0,1,10,0,10
165,Uruguay,2002,1,0,0,0,7941.7264747948,3308526.675741756,0,5. competitive,5. regulated,0,7,0,1,10,0,10
165,Uruguay,2003,0,0,0,0,8126.7044850566,3303539.568339532,0,5. competitive,5. regulated,0,6,0,1,10,0,10
165,Uruguay,2004,3,0,0,0,9092.2557611542,3301732,0,5. competitive,5. regulated,0,3,0,1,10,0,10
165,Uruguay,2005,0,0,0,0,9682.7910676841,3305723,,5. competitive,5. regulated,0,2,0,1,10,0,10
200,United Kingdom,1995,12,15,8,0,25408.7173221349,58019030,0,5. competitive,5. regulated,0,12,3,4,10,0,10
200,United Kingdom,1996,16,17,9,0,26073.8225289524,58166950,0,5. competitive,5. regulated,0,20,5,4,10,0,10
200,United Kingdom,1997,16,7,3,0,26866.8430921838,58316955,0,5. competitive,5. regulated,1,14,0,4,10,0,10
200,United Kingdom,1998,17,12,9,0,27754.593379858,58487141,0,5. competitive,5. regulated,0,20,6,4,10,0,10
200,United Kingdom,1999,8,8,4,0,28622.9872548361,58682466,0,5. competitive,5. regulated,0,15,5,4,10,0,10
200,United Kingdom,2000,15,5,4,0,29637.5021375226,58892514,0,5. competitive,5. regulated,0,18,4,4,10,0,10
200,United Kingdom,2001,5,4,1,0,30256.0685682062,59108687,0,5. competitive,5. regulated,1,18,9,4,10,0,10
200,United Kingdom,2002,6,1,4,0,30776.3857545676,59327658,0,5. competitive,5. regulated,0,33,6,4,10,0,10
200,United Kingdom,2003,4,11,2,0,31515.5852522899,59568776,0,5. competitive,5. regulated,0,20,1,4,10,0,10
200,United Kingdom,2004,4,3,0,0,32216.4782813336,59879865,0,5. competitive,5. regulated,0,17,2,4,10,0,10
200,United Kingdom,2005,1,3,0,0,32690.1360477928,60226473,,5. competitive,5. regulated,1,14,3,4,10,0,10
205,,1995,,,,,,,,,,,0,0,4,10,0,10
205,Ireland,1996,5,2,0,0,23025.5986491785,3637550,0,5. competitive,5. regulated,0,1,1,4,10,0,10
205,,1997,,,,,,,,,,,28,1,4,10,0,10
205,Ireland,1998,1,0,0,0,27272.3430874686,3712900,0,5. competitive,5. regulated,0,0,0,4,10,0,10
205,,1999,,,,,,,,,,,1,1,4,10,0,10
205,,2000,,,,,,,,,,,1,0,4,10,0,10
205,,2001,,,,,,,,,,,0,0,4,10,0,10
205,,2002,,,,,,,,,,,1,0,4,10,0,10
205,,2003,,,,,,,,,,,40,0,4,10,0,10
205,,2004,,,,,,,,,,,27,1,4,10,0,10
205,,2005,,,,,,,,,,,29,0,4,10,0,10
210,Netherlands,1995,3,2,3,0,28462.3546219653,15460000,0,5. competitive,5. regulated,0,0,0,4,10,0,10
210,,1996,,,,,,,,,,,0,0,4,10,0,10
210,Netherlands,1997,1,0,0,0,30402.0182815241,15607000,0,5. competitive,5. regulated,0,1,1,4,10,0,10
210,Netherlands,1998,1,3,0,0,31411.6950985046,15698000,0,5. competitive,5. regulated,1,0,0,4,10,0,10
210,,1999,,,,,,,,,,,0,0,4,10,0,10
210,Netherlands,2000,1,0,0,0,33690.963609893,15925431.05853025,0,5. competitive,5. regulated,0,2,0,4,10,0,10
210,,2001,,,,,,,,,,,2,1,4,10,0,10
210,,2002,,,,,,,,,,,0,0,4,10,0,10
210,,2003,,,,,,,,,,,0,0,4,10,0,10
210,Netherlands,2004,1,0,0,0,34481.0549563986,16281732.67806593,0,5. competitive,5. regulated,0,1,0,4,10,0,10
210,,2005,,,,,,,,,,,0,0,4,10,0,10
211,Belgium,1995,0,0,1,0,26754.6179105036,10136800,0,5. competitive,5. regulated,1,2,0,4,10,0,10
211,Belgium,1996,0,0,1,0,27020.4913604999,10157000,0,5. competitive,5. regulated,0,9,1,4,10,0,10
211,Belgium,1997,2,3,2,0,27903.5871370796,10181000,0,5. competitive,5. regulated,0,1,0,4,10,0,10
211,Belgium,1998,8,10,8,0,28311.6994129744,10203000,0,5. competitive,5. regulated,0,0,0,4,10,0,10
211,Belgium,1999,9,13,10,0,29213.2807858002,10226000,0,5. competitive,5. regulated,1,0,0,4,10,0,10
211,Belgium,2000,9,11,10,0,30230.4961474302,10252000,0,5. competitive,5. regulated,0,1,0,4,10,0,10
211,Belgium,2001,10,13,6,0,30366.732321715,10287000,0,5. competitive,5. regulated,0,0,0,4,10,0,10
211,Belgium,2002,12,15,11,0,30687.7269503974,10333000,0,5. competitive,5. regulated,0,1,0,4,10,0,10
211,Belgium,2003,9,8,7,0,30863.2399977968,10376080.1423273,0,5. competitive,5. regulated,1,0,0,4,10,0,10
211,Belgium,2004,2,1,1,0,31641.2621532335,10421120.6096082,0,5. competitive,5. regulated,0,0,0,4,10,0,10
211,Belgium,2005,0,0,0,0,32048.9023461486,10478650,,5. competitive,5. regulated,0,0,0,4,10,0,10
212,,1995,,,,,,,,,,,0,0,4,10,0,10
212,,1996,,,,,,,,,,,0,0,4,10,0,10
212,,1997,,,,,,,,,,,2,0,4,10,0,10
212,,1998,,,,,,,,,,,0,0,4,10,0,10
212,,1999,,,,,,,,,,,0,0,4,10,0,10
212,,2000,,,,,,,,,,,0,0,4,10,0,10
212,,2001,,,,,,,,,,,0,0,4,10,0,10
212,,2002,,,,,,,,,,,0,0,4,10,0,10
212,,2003,,,,,,,,,,,0,0,4,10,0,10
212,,2004,,,,,,,,,,,0,0,4,10,0,10
212,,2005,,,,,,,,,,,0,0,4,10,0,10
220,France,1995,3,3,2,0,25221.47691017797,57844000,0,5. competitive,5. regulated,1,37,14,4,9,0,9
220,France,1996,7,8,5,0,25413.55247238755,58026000,0,5. competitive,5. regulated,0,27,5,4,9,0,9
220,France,1997,8,9,3,0,25892.57660566188,58208000,0,5. competitive,5. regulated,1,22,7,4,9,0,9
220,France,1998,12,9,8,0,26703.54959501114,58398000,0,5. competitive,5. regulated,0,28,9,4,9,0,9
220,France,1999,3,8,4,0,27470.3500583787,58622514.48394208,0,5. competitive,5. regulated,0,11,3,4,9,0,9
220,France,2000,15,10,5,0,28403.29749199237,58895516.54829083,0,5. competitive,5. regulated,0,12,4,4,9,0,9
220,France,2001,16,10,2,0,28775.90023587932,59192410.19548029,0,5. competitive,5. regulated,0,2,2,4,9,0,9
220,France,2002,8,11,2,0,28865.4173747126,59598597.39540856,0,5. competitive,5. regulated,1,9,1,4,9,0,9
220,France,2003,7,13,5,0,28903.96505378302,60154851,0,5. competitive,5. regulated,0,12,0,4,9,0,9
220,France,2004,3,6,1,0,29431.04549613677,60521142,0,5. competitive,5. regulated,0,5,1,4,9,0,9
220,France,2005,1,2,4,0,29808.72031279605,60873000,,5. competitive,5. regulated,0,8,2,4,9,0,9
221,,1995,,,,,,,,,,,,,,,,
221,,1996,,,,,,,,,,,,,,,,
221,,1997,,,,,,,,,,,,,,,,
221,,1998,,,,,,,,,,,,,,,,
221,,1999,,,,,,,,,,,,,,,,
223,,1995,,,,,,,,,,,,,,,,
223,,1996,,,,,,,,,,,,,,,,
223,,1997,,,,,,,,,,,,,,,,
223,,1998,,,,,,,,,,,,,,,,
223,,1999,,,,,,,,,,,,,,,,
223,,2000,,,,,,,,,,,,,,,,
223,,2001,,,,,,,,,,,,,,,,
223,,2002,,,,,,,,,,,,,,,,
223,,2003,,,,,,,,,,,,,,,,
223,,2004,,,,,,,,,,,,,,,,
223,,2005,,,,,,,,,,,,,,,,
225,Switzerland,1995,11,13,4,0,32011.7255244796,7041000,0,5. competitive,5. regulated,1,0,0,4,10,0,10
225,Switzerland,1996,8,10,4,0,32062.6255385342,7074000,0,5. competitive,5. regulated,0,0,0,4,10,0,10
225,Switzerland,1997,7,8,5,0,32663.4956761551,7088000,0,5. competitive,5. regulated,0,1,0,4,10,0,10
225,Switzerland,1998,8,6,1,0,33421.6140035668,7110000,0,5. competitive,5. regulated,0,0,0,4,10,0,10
225,Switzerland,1999,11,15,18,0,33717.5482583564,7140000,0,5. competitive,5. regulated,1,0,0,4,10,0,10
225,Switzerland,2000,13,12,5,0,34710.299480878,7184222.200100719,0,5. competitive,5. regulated,0,0,0,4,10,0,10
225,Switzerland,2001,27,20,13,0,34888.877304825,7229807.969297317,0,5. competitive,5. regulated,0,0,0,4,10,0,10
225,Switzerland,2002,8,6,0,0,34779.440716457,7284694.877687671,0,5. competitive,5. regulated,0,0,0,4,10,0,10
225,Switzerland,2003,6,0,0,0,34454.0126322829,7338957.415208511,0,5. competitive,5. regulated,1,0,0,4,10,0,10
225,Switzerland,2004,7,5,0,0,35084.6122574398,7389581.081705241,0,5. competitive,5. regulated,0,0,0,4,10,0,10
225,,2005,,,,,,,,,,,0,0,4,10,0,10
230,Spain,1995,5,8,0,0,21006.5369679275,39387000,0,5. competitive,5. regulated,0,5,2,4,10,0,10
230,Spain,1996,3,9,1,0,21464.5937663728,39478150,0,5. competitive,5. regulated,1,5,1,4,10,0,10
230,Spain,1997,12,18,8,0,22236.2746320715,39582400,0,5. competitive,5. regulated,0,4,1,4,10,0,10
230,Spain,1998,10,16,11,0,23148.7120648917,39721100,0,5. competitive,5. regulated,0,0,0,4,10,0,10
230,Spain,1999,5,13,6,0,24122.744195279,39926250,0,5. competitive,5. regulated,0,3,0,4,10,0,10
230,Spain,2000,31,22,9,0,25128.8296563462,40263200,0,5. competitive,5. regulated,1,3,0,4,10,0,10
230,Spain,2001,14,28,10,0,25753.0642972536,40720450,0,5. competitive,5. regulated,0,5,0,4,10,0,10
230,Spain,2002,3,15,1,0,26069.5188685878,41313950,0,5. competitive,5. regulated,0,5,1,4,10,0,10
230,Spain,2003,11,4,4,0,26434.8814373033,42004500,0,5. competitive,5. regulated,0,3,1,4,10,0,10
230,Spain,2004,10,4,1,0,26859.0778366347,42691650,0,5. competitive,5. regulated,1,2,0,4,10,0,10
230,Spain,2005,10,3,2,0,27376.7960397607,43398150,,5. competitive,5. regulated,0,4,0,4,10,0,10
232,,1995,,,,,,,,,,,,,,,,
232,,1996,,,,,,,,,,,,,,,,
232,,1997,,,,,,,,,,,,,,,,
232,,1998,,,,,,,,,,,,,,,,
232,,1999,,,,,,,,,,,,,,,,
232,,2000,,,,,,,,,,,,,,,,
232,,2001,,,,,,,,,,,,,,,,
232,,2002,,,,,,,,,,,,,,,,
232,,2003,,,,,,,,,,,,,,,,
232,,2004,,,,,,,,,,,,,,,,
232,,2005,,,,,,,,,,,,,,,,
235,Portugal,1995,7,3,1,0,17032.85505736,10027000,0,5. competitive,5. regulated,1,3,1,4,10,0,10
235,Portugal,1996,6,7,2,0,17600.0412635655,10055000,0,5. competitive,5. regulated,1,0,0,4,10,0,10
235,Portugal,1997,4,2,2,0,18274.9927848687,10089000,0,5. competitive,5. regulated,0,0,0,4,10,0,10
235,Portugal,1998,9,16,4,0,19086.0163982828,10129000,0,5. competitive,5. regulated,0,0,0,4,10,0,10
235,Portugal,1999,9,16,2,0,19731.5219776545,10174000,0,5. competitive,5. regulated,1,0,0,4,10,0,10
235,Portugal,2000,18,19,1,0,20402.0069569404,10225803.46476501,0,5. competitive,5. regulated,0,0,0,4,10,0,10
235,Portugal,2001,18,22,2,0,20677.6187930601,10292935.9907657,0,5. competitive,5. regulated,1,1,0,4,10,0,10
235,Portugal,2002,9,9,1,0,20683.1449791808,10368326.27524809,0,5. competitive,5. regulated,1,0,0,4,10,0,10
235,Portugal,2003,9,9,2,0,20373.7097792361,10441045.93659084,0,5. competitive,5. regulated,0,1,0,4,10,0,10
235,Portugal,2004,8,4,2,0,20562.5038711576,10501964.51669877,0,5. competitive,5. regulated,0,0,0,4,10,0,10
235,Portugal,2005,5,2,1,0,20656.1923127735,10549450,,5. competitive,5. regulated,1,0,0,4,10,0,10
255,Germany,1995,46,20,6,0,27853.1590364987,81642000,0,5. competitive,5. regulated,0,4,0,4,10,0,10
255,Germany,1996,37,24,12,0,28037.3066297346,81912000,0,5. competitive,5. regulated,0,7,3,4,10,0,10
255,Germany,1997,28,23,4,0,28487.9317619644,82071000,0,5. competitive,5. regulated,0,10,2,4,10,0,10
255,Germany,1998,23,22,5,0,29074.8219069924,82047000,0,5. competitive,5. regulated,1,6,0,4,10,0,10
255,Germany,1999,16,16,9,0,29645.0499692217,82087000,0,5. competitive,5. regulated,0,4,0,4,10,0,10
255,Germany,2000,16,10,6,0,30550.825929525,82210000,0,5. competitive,5. regulated,0,11,1,4,10,0,10
255,Germany,2001,12,12,6,0,30883.4493316424,82333000,0,5. competitive,5. regulated,0,10,6,4,10,0,10
255,Germany,2002,19,22,2,0,30817.9453364778,82508000,0,5. competitive,5. regulated,1,3,2,4,10,0,10
255,Germany,2003,8,9,1,0,30738.6819924989,82541000,0,5. competitive,5. regulated,0,5,1,4,10,0,10
255,Germany,2004,5,3,3,0,31119.2385477864,82516250,0,5. competitive,5. regulated,0,12,1,4,10,0,10
255,Germany,2005,3,1,1,0,31377.5101742344,82469400,,5. competitive,5. regulated,1,4,1,4,10,0,10
260,,1995,,,,,,,,,,,,,,,,
260,,1996,,,,,,,,,,,,,,,,
260,,1997,,,,,,,,,,,,,,,,
260,,1998,,,,,,,,,,,,,,,,
260,,1999,,,,,,,,,,,,,,,,
290,Poland,1995,3,4,1,0,8999.4531464508,38587600,0,4. transitional,2. multiple identity,1,5,2,4,9,0,9
290,Poland,1996,0,1,0,0,9553.4113711419,38618000,0,4. transitional,2. multiple identity,0,21,1,4,9,0,9
290,Poland,1997,4,8,2,0,10221.9365956937,38650000,0,4. transitional,2. multiple identity,1,13,2,4,9,0,9
290,Poland,1998,0,1,0,0,10726.677063747,38666145,0,4. transitional,2. multiple identity,0,16,2,4,9,0,9
290,Poland,1999,1,0,0,0,11214.3409697634,38658000,0,4. transitional,2. multiple identity,0,2,0,4,9,0,9
290,Poland,2000,6,3,3,0,11753.3851310374,38453757,0,4. transitional,2. multiple identity,1,2,0,4,9,0,9
290,,2001,,,,,,,,,,,0,0,4,9,0,9
290,Poland,2002,1,0,0,0,12137.2562391607,38230364,0,5. competitive,5. regulated,0,4,0,4,10,0,10
290,Poland,2003,1,0,0,0,12615.1224563782,38204570,0,5. competitive,5. regulated,0,3,1,4,10,0,10
290,Poland,2004,1,0,0,0,13297.1431062643,38182222,0,5. competitive,5. regulated,0,1,0,4,10,0,10
290,Poland,2005,1,1,0,0,13784.1624632714,38165450,,5. competitive,5. regulated,1,1,1,4,10,0,10
305,Austria,1995,4,3,1,1,27548.6216553165,7953067,0,5. competitive,5. regulated,1,0,0,4,10,0,10
305,Austria,1996,7,7,1,1,28120.8606885656,7964966,0,5. competitive,5. regulated,0,0,0,4,10,0,10
305,Austria,1997,5,4,1,0,28696.4349636208,7971116,0,5. competitive,5. regulated,0,0,0,4,10,0,10
305,Austria,1998,7,8,1,0,29685.8820282543,7982461,0,5. competitive,5. regulated,1,0,0,4,10,0,10
305,Austria,1999,13,10,5,0,30601.7768194755,8002186,0,5. competitive,5. regulated,1,1,0,4,10,0,10
305,Austria,2000,14,5,3,0,31681.8121554963,8011560.508911856,0,5. competitive,5. regulated,0,6,2,4,10,0,10
305,Austria,2001,14,4,2,0,31722.1704069724,8043015.637689386,0,5. competitive,5. regulated,0,0,0,4,10,0,10
305,Austria,2002,3,3,0,0,32082.7163260229,8083639.297528681,0,5. competitive,5. regulated,1,1,0,4,10,0,10
305,Austria,2003,3,2,1,0,32203.64276665,8117800,0,5. competitive,5. regulated,0,1,0,4,10,0,10
305,Austria,2004,3,4,1,0,32793.2368349725,8174700,0,5. competitive,5. regulated,1,0,0,4,10,0,10
305,,2005,,,,,,,,,,,0,0,4,10,0,10
310,Hungary,1995,1,6,1,0,11043.5644554345,10328965,0,5. competitive,5. regulated,0,1,0,4,10,0,10
310,Hungary,1996,3,6,0,0,11210.7542729506,10311238,0,5. competitive,5. regulated,0,1,0,4,10,0,10
310,Hungary,1997,5,11,0,0,11747.0917180318,10290486,0,5. competitive,5. regulated,0,0,0,4,10,0,10
310,Hungary,1998,3,3,2,0,12346.4436806705,10266570,0,5. competitive,5. regulated,1,1,0,4,10,0,10
310,Hungary,1999,17,35,16,1,12897.939097285,10237530,0,5. competitive,5. regulated,0,2,1,4,10,0,10
310,Hungary,2000,4,9,3,1,13583.1712391084,10210971,0,5. competitive,5. regulated,0,1,0,4,10,0,10
310,Hungary,2001,5,6,0,1,14172.5528901677,10187576,0,5. competitive,5. regulated,0,1,0,4,10,0,10
310,Hungary,2002,3,5,0,0,14838.3374876398,10158608,0,5. competitive,5. regulated,1,2,0,4,10,0,10
310,Hungary,2003,1,1,0,0,15520.7790657187,10129552,0,5. competitive,5. regulated,0,0,0,4,10,0,10
310,Hungary,2004,4,1,2,0,16286.280018332,10107146,0,5. competitive,5. regulated,0,0,0,4,10,0,10
310,,2005,,,,,,,,,,,0,0,4,10,0,10
316,Czech Republic,1995,0,2,0,0,15598.8780700323,10331000,0,5. competitive,5. regulated,0,2,1,4,10,0,10
316,Czech Republic,1996,1,1,0,0,16252.2839817157,10315000,0,5. competitive,5. regulated,1,1,0,4,10,0,10
316,Czech Republic,1997,1,1,0,0,16150.5699150877,10304100,0,5. competitive,5. regulated,0,1,0,4,10,0,10
316,Czech Republic,1998,5,12,1,0,16042.3110989916,10294900,0,5. competitive,5. regulated,1,0,0,4,10,0,10
316,Czech Republic,1999,2,1,1,0,16276.0122724957,10283000,0,5. competitive,5. regulated,0,0,0,4,10,0,10
316,Czech Republic,2000,36,21,4,0,16885.6727775594,10273300,0,5. competitive,5. regulated,1,1,0,4,10,0,10
316,Czech Republic,2001,3,1,1,0,17383.8692167042,10224000,0,5. competitive,5. regulated,0,0,0,4,10,0,10
316,,2002,,,,,,,,,,,0,0,4,10,0,10
316,Czech Republic,2003,2,4,0,0,18381.6228220578,10207362,0,5. competitive,5. regulated,0,0,0,4,10,0,10
316,Czech Republic,2004,0,2,0,0,19189.7021506952,10216016,0,5. competitive,5. regulated,1,0,0,4,10,0,10
316,Czech Republic,2005,5,3,2,0,20362.3030747866,10235828,,5. competitive,5. regulated,0,0,0,4,10,0,10
317,Slovakia,1995,1,1,0,,10571.2871364345,5363676,0,3. factional,2. multiple identity,0,3,0,4,7,0,7
317,Slovakia,1996,0,1,0,,11398.5601948647,5373793,0,3. factional,2. multiple identity,0,4,0,4,7,0,7
317,,1997,,,,,,,,,,,4,0,4,7,0,7
317,Slovakia,1998,4,8,1,,12538.0802898721,5390657,0,4. transitional,2. multiple identity,1,0,0,4,9,0,9
317,Slovakia,1999,1,6,1,,12531.3207170451,5395115,0,4. transitional,2. multiple identity,1,1,0,4,9,0,9
317,Slovakia,2000,9,11,1,,12718.0499098253,5388740.813956448,0,4. transitional,2. multiple identity,0,1,0,4,9,0,9
317,Slovakia,2001,15,9,4,,13185.3117921632,5378899.999070441,0,4. transitional,2. multiple identity,0,3,0,4,9,0,9
317,,2002,,,,,,,,,,,0,0,4,9,0,9
317,Slovakia,2003,3,3,0,,14447.4780097406,5379649.981179073,0,4. transitional,2. multiple identity,0,0,0,4,9,0,9
317,Slovakia,2004,7,11,2,,15166.3722900956,5382449.486990101,0,4. transitional,2. multiple identity,1,3,3,4,9,0,9
317,Slovakia,2005,1,1,0,,16163.6012123519,5387000,,4. transitional,2. multiple identity,0,0,0,4,9,0,9
325,Italy,1995,41,14,6,0,25268.5477460167,56846100,0,5. competitive,5. regulated,0,1,0,4,10,0,10
325,Italy,1996,14,10,3,0,25537.8326947605,56862800,0,5. competitive,5. regulated,1,1,0,4,10,0,10
325,Italy,1997,18,16,3,0,26001.7885872566,56893800,0,5. competitive,5. regulated,0,2,0,4,10,0,10
325,Italy,1998,21,10,4,0,26358.2127370437,56910950,0,5. competitive,5. regulated,0,2,0,4,10,0,10
325,Italy,1999,21,9,1,0,26739.1899573385,56921550,0,5. competitive,5. regulated,0,3,0,4,10,0,10
325,Italy,2000,22,9,6,0,27713.5419297066,56948600,0,5. competitive,5. regulated,0,4,1,4,10,0,10
325,Italy,2001,70,62,21,0,28201.5449637082,56980700,0,5. competitive,5. regulated,1,6,1,4,10,0,10
325,Italy,2002,8,10,2,0,28242.0136068937,57157400,0,5. competitive,5. regulated,0,17,1,4,10,0,10
325,Italy,2003,10,10,4,0,28017.9980135119,57604650,0,5. competitive,5. regulated,0,3,1,4,10,0,10
325,Italy,2004,5,6,2,0,28168.1390472821,58175300,0,5. competitive,5. regulated,0,11,1,4,10,0,10
325,Italy,2005,29,28,25,1,28144.014659039,58607050,,5. competitive,5. regulated,0,7,1,4,10,0,10
331,,1995,,,,,,,,,,,,,,,,
331,,1996,,,,,,,,,,,,,,,,
331,,1997,,,,,,,,,,,,,,,,
331,,1998,,,,,,,,,,,,,,,,
331,,1999,,,,,,,,,,,,,,,,
331,,2000,,,,,,,,,,,,,,,,
331,,2001,,,,,,,,,,,,,,,,
331,,2002,,,,,,,,,,,,,,,,
331,,2003,,,,,,,,,,,,,,,,
331,,2004,,,,,,,,,,,,,,,,
331,,2005,,,,,,,,,,,,,,,,
335,,2002,0,0,0,,,,,,,0,,,,,,
338,,1995,,,,,,,,,,,,,,,,
338,,1996,,,,,,,,,,,,,,,,
338,,1997,,,,,,,,,,,,,,,,
338,,1998,,,,,,,,,,,,,,,,
338,,1999,,,,,,,,,,,,,,,,
338,,2000,,,,,,,,,,,,,,,,
338,,2001,,,,,,,,,,,,,,,,
338,,2002,,,,,,,,,,,,,,,,
338,,2003,,,,,,,,,,,,,,,,
338,,2004,,,,,,,,,,,,,,,,
338,,2005,,,,,,,,,,,,,,,,
339,Albania,1995,5,8,2,0,3386.2790136093,3133759,0,3. factional,3. sectarian,0,0,0,4,6,1,5
339,Albania,1996,7,19,2,0,3727.5731609456,3105896,0,3. factional,3. sectarian,1,1,0,4,3,3,0
339,Albania,1997,2,11,1,0,3368.0620570526,3086806,0,4. transitional,3. sectarian,1,11,7,4,6,1,5
339,Albania,1998,1,0,1,0,3809.6013383852,3075628,0,4. transitional,3. sectarian,0,3,1,4,6,1,5
339,Albania,1999,2,1,0,0,4202.257407591,3069856,0,4. transitional,3. sectarian,0,0,0,4,6,1,5
339,Albania,2000,14,14,0,0,4512.4029845659,3067556,0,4. transitional,3. sectarian,0,1,1,4,6,1,5
339,Albania,2001,22,16,1,0,4825.3972440727,3069383,0,4. transitional,3. sectarian,1,0,0,4,6,1,5
339,Albania,2002,11,16,1,0,4954.1982968435,3076282,0,4. transitional,2. multiple identity,0,0,0,4,7,0,7
339,Albania,2003,12,12,0,0,5218.8525920506,3086736,0,4. transitional,2. multiple identity,0,0,0,4,7,0,7
339,Albania,2004,11,10,2,0,5505.4670638069,3098677,0,4. transitional,2. multiple identity,0,0,0,4,7,0,7
339,Albania,2005,7,6,2,0,5786.0435931523,3110579,,4. transitional,2. multiple identity,1,0,0,4,9,0,9
340,,1995,42,28,5,0,,,,,,0,,,,,,
340,,1996,40,27,1,0,,,,,,0,,,,,,
340,,1997,35,23,9,0,,,,,,0,,,,,,
340,,1998,69,58,9,0,,,,,,0,,,,,,
340,,1999,41,70,12,0,,,,,,0,,,,,,
340,,2000,26,18,6,0,,,,,,0,,,,,,
340,,2001,18,16,2,0,,,,,,0,,,,,,
340,,2002,20,21,14,0,,,,,,0,,,,,,
340,,2003,33,33,18,0,,,,,,0,,,,,,
340,,2004,2,2,0,0,,,,,,0,,,,,,
340,,2005,4,1,0,0,,,,,,0,,,,,,
342,,1995,2,2,0,,,,,,,0,,,,,,
342,,1997,2,1,0,,,,,,,0,,,,,,
342,,1998,1,1,0,,,,,,,0,,,,,,
343,,1995,,,,,,,,,,,6,3,4,6,0,6
343,,1996,,,,,,,,,,,5,1,4,6,0,6
343,Macedonia,1997,5,13,0,0,6096.377779305,1984186,0,4. transitional,2. multiple identity,0,1,0,4,6,0,6
343,Macedonia,1998,4,8,1,0,6270.4198992093,1994293,0,4. transitional,2. multiple identity,1,0,0,4,6,0,6
343,Macedonia,1999,1,2,0,0,6512.2263713369,2003566,0,4. transitional,2. multiple identity,1,0,0,4,6,0,6
343,Macedonia,2000,20,27,7,0,6781.2309417583,2011614,0,4. transitional,2. multiple identity,0,3,0,4,6,0,6
343,Macedonia,2001,36,20,3,0,6452.7595308278,2018347,0,4. transitional,2. multiple identity,0,6,4,4,6,0,6
343,Macedonia,2002,7,12,1,0,6489.935889012,2023913,0,4. transitional,2. multiple identity,1,8,1,4,9,0,9
343,Macedonia,2003,4,9,0,0,6657.7959168392,2028451,0,4. transitional,2. multiple identity,0,0,0,4,9,0,9
343,Macedonia,2004,1,1,0,0,6917.029788728,2032188,0,4. transitional,2. multiple identity,1,2,2,4,9,0,9
343,Macedonia,2005,0,1,0,0,7189.7417136255,2035312,,4. transitional,2. multiple identity,0,3,0,4,9,0,9
344,Croatia,1995,20,29,4,0,9285.221832048301,4669000,0,2. suppressed,3. sectarian,1,0,0,4,0,5,-5
344,Croatia,1996,10,11,1,0,10209.7679390989,4494000,0,2. suppressed,3. sectarian,0,3,0,4,0,5,-5
344,Croatia,1997,6,5,1,0,10716.3173485169,4572000,0,2. suppressed,3. sectarian,1,0,0,4,0,5,-5
344,Croatia,1998,8,4,1,0,11116.782082629,4501000,0,2. suppressed,3. sectarian,0,1,0,4,0,5,-5
344,Croatia,1999,2,1,1,0,10822.2970840915,4554000,0,,,0,0,0,4,-88,-88,1
344,Croatia,2000,3,4,0,0,11472.9502922789,4426000,0,4. transitional,2. multiple identity,1,0,0,4,8,0,8
344,Croatia,2001,2,1,1,0,11875.367668598,4440000,0,4. transitional,2. multiple identity,0,1,0,4,8,0,8
344,Croatia,2002,6,1,0,0,12521.6212493605,4440000,0,4. transitional,2. multiple identity,0,1,0,4,8,0,8
344,Croatia,2003,2,1,0,0,13142.3929925967,4440000,0,4. transitional,2. multiple identity,1,0,0,4,8,0,8
344,Croatia,2004,2,0,0,0,13703.9881695589,4439000,0,4. transitional,2. multiple identity,0,0,0,4,8,0,8
344,,2005,,,,,,,,,,,2,0,4,9,0,9
345,Serbia and Montenegro,2000,1,0,0,0,6370.5613530976,7516346,0,4. transitional,2. multiple identity,0,,,,,,
345,,2001,,,,,,,,,,,,,,,,
345,,2002,,,,,,,,,,,,,,,,
345,,2003,,,,,,,,,,,,,,,,
345,,2004,,,,,,,,,,,,,,,,
345,,2005,,,,,,,,,,,,,,,,
346,,1995,,,,,,,,,,,2,0,4,-66,-66,
346,,1996,,,,,,,,,,,3,1,4,-66,-66,
346,,1997,,,,,,,,,,,1,0,4,-66,-66,
346,,1998,,,,,,,,,,,1,0,4,-66,-66,
346,,1999,,,,,,,,,,,0,0,4,-66,-66,
346,,2000,,,,,,,,,,,0,0,4,-66,-66,
346,Bosnia and Herzegovina,2001,3,1,1,0,4839.1479489674,3748354,0,,,0,0,0,4,-66,-66,
346,Bosnia and Herzegovina,2002,2,0,0,0,5058.2441688113,3776053,0,,,0,0,0,4,-66,-66,
346,Bosnia and Herzegovina,2003,1,0,0,0,5250.8205620221,3783067,0,,,0,0,0,4,-66,-66,
346,,2004,,,,,,,,,,,0,0,4,-66,-66,
346,Bosnia and Herzegovina,2005,6,4,0,0,5852.4504398235,3781274,,,,0,0,0,4,-66,-66,
347,,1995,,,,,,,,,,,3,0,4,0,7,-7
347,,1996,,,,,,,,,,,8,2,4,0,7,-7
347,,1997,,,,,,,,,,,8,1,4,0,6,-6
347,,1998,,,,,,,,,,,14,2,4,0,6,-6
347,,1999,,,,,,,,,,,31,5,4,0,6,-6
347,,2000,,,,,,,,,,,19,4,4,7,0,7
347,,2001,,,,,,,,,,,3,0,4,7,0,7
347,,2002,,,,,,,,,,,2,0,4,7,0,7
347,,2003,,,,,,,,,,,2,1,4,6,0,6
347,,2004,,,,,,,,,,,0,0,4,6,0,6
347,,2005,,,,,,,,,,,0,0,4,6,0,6
349,Slovenia,1995,1,1,0,0,15922.4572864777,1990000,0,5. competitive,5. regulated,0,0,0,4,10,0,10
349,,1996,,,,,,,,,,,0,0,4,10,0,10
349,,1997,,,,,,,,,,,3,0,4,10,0,10
349,,1998,,,,,,,,,,,0,0,4,10,0,10
349,,1999,,,,,,,,,,,0,0,4,10,0,10
349,Slovenia,2000,2,2,1,0,19717.5527058241,1989000,0,5. competitive,5. regulated,1,0,0,4,10,0,10
349,Slovenia,2001,3,1,0,0,20248.7966385779,1992000,0,5. competitive,5. regulated,0,0,0,4,10,0,10
349,Slovenia,2002,0,3,1,0,21032.3036227174,1994000,0,5. competitive,5. regulated,1,0,0,4,10,0,10
349,Slovenia,2003,3,1,0,0,21610.1954352701,1995699.877236054,0,5. competitive,5. regulated,0,1,0,4,10,0,10
349,,2004,,,,,,,,,,,0,0,4,10,0,10
349,,2005,,,,,,,,,,,2,0,4,10,0,10
350,Greece,1995,12,10,0,0,17883.5601995571,10634000,0,5. competitive,5. regulated,0,4,3,4,10,0,10
350,Greece,1996,6,13,0,0,18177.1238695103,10709000,0,5. competitive,5. regulated,1,4,0,4,10,0,10
350,Greece,1997,2,3,0,0,18719.4815886185,10777000,0,5. competitive,5. regulated,0,2,1,4,10,0,10
350,Greece,1998,9,8,1,0,19245.5569323102,10835000,0,5. competitive,5. regulated,0,9,3,4,10,0,10
350,Greece,1999,7,10,2,0,19815.8514116786,10883000,0,5. competitive,5. regulated,0,3,2,4,10,0,10
350,Greece,2000,2,4,1,0,20637.6712242869,10917500,0,5. competitive,5. regulated,1,2,0,4,10,0,10
350,Greece,2001,15,20,3,0,21440.1512668154,10949950,0,5. competitive,5. regulated,0,4,1,4,10,0,10
350,Greece,2002,9,22,7,0,22101.6585893717,10987550,0,5. competitive,5. regulated,0,1,1,4,10,0,10
350,Greece,2003,13,19,2,0,23259.1187515147,11023550,0,5. competitive,5. regulated,0,6,3,4,10,0,10
350,Greece,2004,2,4,2,0,24318.2944323737,11061750,0,5. competitive,5. regulated,1,1,0,4,10,0,10
350,Greece,2005,7,2,3,0,24927.9359519292,11104000,,5. competitive,5. regulated,0,5,0,4,10,0,10
352,,1995,,,,,,,,,,,0,0,4,10,0,10
352,,1996,,,,,,,,,,,1,1,4,10,0,10
352,,1997,,,,,,,,,,,3,0,4,10,0,10
352,,1998,,,,,,,,,,,0,0,4,10,0,10
352,,1999,,,,,,,,,,,0,0,4,10,0,10
352,,2000,,,,,,,,,,,3,0,4,10,0,10
352,,2001,,,,,,,,,,,0,0,4,10,0,10
352,,2002,,,,,,,,,,,3,0,4,10,0,10
352,,2003,,,,,,,,,,,3,0,4,10,0,10
352,,2004,,,,,,,,,,,3,0,4,10,0,10
352,,2005,,,,,,,,,,,1,0,4,10,0,10
355,Bulgaria,1995,9,30,2,0,6432.5852493496,8400000,0,3. factional,2. multiple identity,0,5,0,4,8,0,8
355,Bulgaria,1996,12,19,1,0,5858.6101940702,8356000,0,3. factional,2. multiple identity,1,2,0,4,8,0,8
355,Bulgaria,1997,8,18,1,0,5559.758674,8312067.999999999,0,3. factional,2. multiple identity,1,31,1,4,8,0,8
355,Bulgaria,1998,6,33,2,0,5820.7116202438,8257000,0,3. factional,2. multiple identity,0,0,0,4,8,0,8
355,Bulgaria,1999,8,23,2,0,5990.1356009826,8208000,0,3. factional,2. multiple identity,0,1,0,4,8,0,8
355,Bulgaria,2000,10,7,1,0,6429.5350862978,8060000,0,3. factional,2. multiple identity,0,1,0,4,8,0,8
355,Bulgaria,2001,14,22,3,0,6820.070412159,7910000,0,4. transitional,2. multiple identity,1,1,0,4,9,0,9
355,Bulgaria,2002,6,7,2,0,7164.1073863751,7869000,0,4. transitional,2. multiple identity,0,0,0,4,9,0,9
355,Bulgaria,2003,7,4,1,0,7567.0613600139,7823000,0,4. transitional,2. multiple identity,0,1,0,4,9,0,9
355,Bulgaria,2004,2,2,1,0,8113.1983394551,7781000,0,4. transitional,2. multiple identity,0,2,0,4,9,0,9
355,Bulgaria,2005,4,2,0,0,8665.5761432084,7740000,,4. transitional,2. multiple identity,1,5,0,4,9,0,9
359,Moldova,1995,4,2,0,0,1701.266428595398,4338750,0,3. factional,2. multiple identity,0,10,0,4,7,0,7
359,Moldova,1996,8,5,1,0,1611.49455176764,4306724,0,3. factional,2. multiple identity,1,0,0,4,7,0,7
359,Moldova,1997,3,3,1,1,1788.685295068895,4266089,0,3. factional,2. multiple identity,0,1,0,4,7,0,7
359,Moldova,1998,3,0,1,1,1674.245295633793,4217497,0,3. factional,2. multiple identity,1,3,1,4,7,0,7
359,Moldova,1999,3,2,2,0,1619.868668466756,4161844,0,3. factional,2. multiple identity,0,2,2,4,7,0,7
359,Moldova,2000,6,1,1,0,1657.252673613637,4100257,0,3. factional,2. multiple identity,0,8,3,4,7,0,7
359,Moldova,2001,3,2,0,0,1762.281128774678,4032765,0,3. factional,2. multiple identity,1,1,0,4,8,0,8
359,Moldova,2002,2,1,0,0,1904.143565512931,3960665,0,3. factional,2. multiple identity,0,8,0,4,8,0,8
359,Moldova,2003,4,7,0,0,2035.540953713913,3887928,0,3. factional,2. multiple identity,0,9,0,4,8,0,8
359,Moldova,2004,1,0,0,0,2191.798178529277,3819598,0,3. factional,2. multiple identity,0,7,0,4,8,0,8
359,Moldova,2005,3,4,0,0,2361.948074872796,3759329,,3. factional,2. multiple identity,1,0,0,4,8,0,8
360,Romania,1995,12,19,4,0,6772.568289582,22681000,0,3. factional,2. multiple identity,0,20,2,4,5,0,5
360,Romania,1996,11,16,0,0,7066.8188413174,22608000,0,4. transitional,2. multiple identity,1,0,0,4,8,0,8
360,Romania,1997,11,23,2,0,6651.4340131206,22554000,0,4. transitional,2. multiple identity,0,1,1,4,8,0,8
360,Romania,1998,18,25,3,0,6347.2454261459,22503000,0,4. transitional,2. multiple identity,0,4,0,4,8,0,8
360,Romania,1999,1,5,0,0,6283.6455184378,22457994,0,4. transitional,2. multiple identity,0,7,2,4,8,0,8
360,Romania,2000,13,14,1,0,6419.8883988124,22443000,0,4. transitional,2. multiple identity,1,2,1,4,8,0,8
360,Romania,2001,19,26,3,0,6881.1769139027,22132000,0,4. transitional,2. multiple identity,0,2,0,4,8,0,8
360,Romania,2002,6,20,1,0,7341.2037994388,21803128.87637918,0,4. transitional,2. multiple identity,0,3,0,4,8,0,8
360,Romania,2003,13,21,0,0,7744.6497065944,21742028.25497198,0,4. transitional,2. multiple identity,0,2,0,4,8,0,8
360,Romania,2004,10,15,0,0,8417.3227931936,21684883.9298254,0,4. transitional,2. multiple identity,1,4,0,4,9,0,9
360,,2005,,,,,,,,,,,0,0,4,9,0,9
365,Russian Federation,1995,27,40,19,1,7853.3105057756,148141000,1,4. transitional,2. multiple identity,1,5,0,4,4,1,3
365,Russian Federation,1996,21,27,9,1,,,1,4. transitional,2. multiple identity,1,6,1,4,4,1,3
365,Russian Federation,1997,21,16,11,1,7720.1989045458,147304000,0,4. transitional,2. multiple identity,0,1,0,4,4,1,3
365,Russian Federation,1998,9,9,8,1,,,0,4. transitional,2. multiple identity,0,7,0,4,4,1,3
365,Russian Federation,1999,10,23,7,0,,,1,4. transitional,2. multiple identity,1,2,0,4,4,1,3
365,Russian Federation,2000,49,65,20,0,8615.373110197301,146303000,1,4. transitional,2. multiple identity,1,3,0,4,6,0,6
365,Russian Federation,2001,37,55,29,0,9075.991143561499,145949580.335128,1,4. transitional,2. multiple identity,0,3,0,4,6,0,6
365,Russian Federation,2002,22,32,18,0,,,0,4. transitional,2. multiple identity,0,1,0,4,6,0,6
365,Russian Federation,2003,12,18,9,0,,,0,4. transitional,2. multiple identity,1,1,0,4,6,0,6
365,Russian Federation,2004,19,23,7,0,,,1,4. transitional,2. multiple identity,1,5,2,4,6,0,6
365,Russian Federation,2005,15,14,5,0,11861.3813558484,143150000,,4. transitional,2. multiple identity,0,12,0,4,6,0,6
366,Estonia,1995,0,0,1,0,7658.2696267168,1437000,0,3. factional,3. sectarian,1,0,0,4,7,1,6
366,Estonia,1996,1,1,1,0,8213.9590087372,1416000,0,3. factional,3. sectarian,0,0,0,4,7,1,6
366,,1997,,,,,,,,,,,0,0,4,7,1,6
366,,1998,,,,,,,,,,,4,0,4,7,1,6
366,,1999,,,,,,,,,,,3,0,4,8,1,7
366,,2000,,,,,,,,,,,7,0,4,9,0,9
366,,2001,,,,,,,,,,,5,0,4,9,0,9
366,,2002,,,,,,,,,,,3,0,4,9,0,9
366,Estonia,2003,1,2,0,0,14025.0815859019,1353520.149462135,0,4. transitional,2. multiple identity,1,4,0,4,9,0,9
366,,2004,,,,,,,,,,,0,0,4,9,0,9
366,Estonia,2005,2,0,0,0,16547.9936078361,1346100,,4. transitional,2. multiple identity,0,5,0,4,9,0,9
367,Latvia,1995,2,2,0,0,5734.9266334254,2515000,0,4. transitional,2. multiple identity,1,2,0,4,8,0,8
367,,1996,,,,,,,,,,,10,0,4,8,0,8
367,,1997,,,,,,,,,,,6,0,4,8,0,8
367,,1998,,,,,,,,,,,12,0,4,8,0,8
367,Latvia,1999,2,0,0,0,7436.5369467989,2390000,0,4. transitional,2. multiple identity,0,7,0,4,8,0,8
367,,2000,,,,,,,,,,,0,0,4,8,0,8
367,Latvia,2001,2,0,0,0,8703.0916595292,2359000,0,4. transitional,2. multiple identity,0,0,0,4,8,0,8
367,,2002,,,,,,,,,,,6,0,4,8,0,8
367,,2003,,,,,,,,,,,7,0,4,8,0,8
367,,2004,,,,,,,,,,,3,0,4,8,0,8
367,,2005,,,,,,,,,,,0,0,4,8,0,8
368,,1995,,,,,,,,,,,1,0,4,10,0,10
368,Lithuania,1996,0,0,1,0,7397.2468331717,3605000,0,5. competitive,5. regulated,1,1,0,4,10,0,10
368,,1997,,,,,,,,,,,1,1,4,10,0,10
368,,1998,,,,,,,,,,,0,0,4,10,0,10
368,,1999,,,,,,,,,,,11,0,4,10,0,10
368,,2000,,,,,,,,,,,12,0,4,10,0,10
368,Lithuania,2001,3,2,0,0,9588.227503725901,3481295.333636605,0,5. competitive,5. regulated,0,0,0,4,10,0,10
368,,2002,,,,,,,,,,,0,0,4,10,0,10
368,,2003,,,,,,,,,,,1,0,4,10,0,10
368,,2004,,,,,,,,,,,1,0,4,10,0,10
368,,2005,,,,,,,,,,,0,0,4,10,0,10
369,Ukraine,1995,4,1,1,0,3898.6534324213,51512298.60567281,0,4. transitional,2. multiple identity,0,1,1,4,7,0,7
369,Ukraine,1996,8,9,3,0,3540.0644532377,51057188.98098484,0,4. transitional,2. multiple identity,0,5,0,4,7,0,7
369,Ukraine,1997,6,7,3,0,3465.2923998276,50594105.01945855,0,4. transitional,2. multiple identity,0,3,0,4,7,0,7
369,Ukraine,1998,6,6,2,0,3429.9703333932,50143939.13006835,0,4. transitional,2. multiple identity,1,2,0,4,7,0,7
369,Ukraine,1999,4,3,2,0,3455.5398256345,49673349.9915196,0,4. transitional,2. multiple identity,1,0,0,4,7,0,7
369,Ukraine,2000,8,6,1,0,3696.438271908,49175847.64251655,0,3. factional,2. multiple identity,0,2,0,4,6,0,6
369,Ukraine,2001,6,5,3,0,4077.3022365009,48683864.57790712,0,3. factional,2. multiple identity,0,8,2,4,6,0,6
369,Ukraine,2002,7,5,1,0,4332.1564043589,48202500,0,3. factional,2. multiple identity,1,4,0,4,6,0,6
369,Ukraine,2003,7,4,3,0,4777.9926018941,47812950,0,3. factional,2. multiple identity,0,4,0,4,6,0,6
369,Ukraine,2004,4,6,0,0,5396.9173191437,47451600,0,3. factional,2. multiple identity,1,6,0,4,6,0,6
369,Ukraine,2005,4,1,0,0,5583.3991746407,47105150,,3. factional,2. multiple identity,0,0,0,4,6,0,6
370,Belarus,1995,9,9,1,0,4198.9244366652,10194000,0,2. suppressed,3. sectarian,1,4,0,4,3,3,0
370,Belarus,1996,0,1,0,0,4330.9392822019,10160000,0,2. suppressed,4. restricted,0,10,2,4,0,7,-7
370,Belarus,1997,5,2,1,0,4845.1725038439,10117000,0,2. suppressed,4. restricted,0,6,2,4,0,7,-7
370,Belarus,1998,13,21,7,0,5277.20463601,10069000,0,2. suppressed,4. restricted,0,1,0,4,0,7,-7
370,Belarus,1999,8,6,1,0,5475.1174268365,10035000,0,2. suppressed,4. restricted,0,4,1,4,0,7,-7
370,Belarus,2000,14,17,1,0,5810.0435756368,10005000,0,2. suppressed,4. restricted,1,6,0,4,0,7,-7
370,Belarus,2001,13,5,0,0,6105.7867827674,9970260.055298684,0,2. suppressed,4. restricted,1,2,0,4,0,7,-7
370,Belarus,2002,4,2,0,0,6443.0884866174,9925000,0,2. suppressed,4. restricted,0,5,0,4,0,7,-7
370,Belarus,2003,1,0,0,0,6932.5328199723,9873968.35117472,0,2. suppressed,4. restricted,0,1,0,4,0,7,-7
370,Belarus,2004,0,4,0,0,7765.2175897224,9824469.451324077,0,2. suppressed,4. restricted,1,2,0,4,0,7,-7
370,Belarus,2005,6,5,0,0,8540.815920565101,9775591.4938548,,2. suppressed,4. restricted,0,3,0,4,0,7,-7
371,Armenia,1995,6,14,6,0,1705.1198481735,3223169,0,3. factional,2. multiple identity,1,5,1,4,4,1,3
371,Armenia,1996,5,16,4,0,1834.1611749272,3172156,0,2. suppressed,4. restricted,1,2,1,4,0,6,-6
371,Armenia,1997,5,15,6,0,1917.6762383998,3134770,0,2. suppressed,4. restricted,0,5,0,4,0,6,-6
371,Armenia,1998,7,16,1,0,2074.7342826698,3108982,0,4. transitional,3. sectarian,1,2,0,4,6,1,5
371,Armenia,1999,7,18,3,0,2156.0641568383,3090433,0,4. transitional,3. sectarian,1,2,0,4,6,1,5
371,Armenia,2000,10,9,5,0,2294.1263158934,3075811,0,4. transitional,3. sectarian,0,6,0,4,6,1,5
371,Armenia,2001,9,9,3,0,2522.880558123,3065426,0,4. transitional,3. sectarian,0,2,0,4,6,1,5
371,Armenia,2002,0,2,0,0,2860.0653286479,3060592,0,4. transitional,3. sectarian,0,5,0,4,6,1,5
371,,2003,,,,,,,,,,,2,0,4,5,0,5
371,Armenia,2004,2,3,0,0,3601.3510855371,3061844,0,3. factional,2. multiple identity,0,4,0,4,5,0,5
371,Armenia,2005,1,0,0,0,4097.8154335824,3064925,,3. factional,2. multiple identity,0,8,0,4,5,0,5
372,Georgia,1995,6,8,3,0,1643.0482519607,5068901,0,4. transitional,3. sectarian,1,2,0,4,6,1,5
372,Georgia,1996,3,12,7,0,1855.2763754136,4991836,0,4. transitional,3. sectarian,0,4,0,4,6,1,5
372,Georgia,1997,2,9,2,0,2078.8268757632,4923656,0,4. transitional,3. sectarian,0,1,0,4,6,1,5
372,Georgia,1998,6,14,4,0,2170.3972079504,4862349,0,4. transitional,3. sectarian,0,0,0,4,6,1,5
372,Georgia,1999,5,12,3,0,2259.9186902641,4803725,0,4. transitional,3. sectarian,1,1,0,4,6,1,5
372,Georgia,2000,16,22,4,0,2330.0698115517,4744750,0,3. factional,2. multiple identity,1,0,0,4,5,0,5
372,Georgia,2001,11,11,4,0,2472.7239087595,4685873,0,3. factional,2. multiple identity,0,3,2,4,5,0,5
372,Georgia,2002,1,2,2,0,2640.2195429293,4628826,0,3. factional,2. multiple identity,0,0,0,4,5,0,5
372,Georgia,2003,6,1,1,0,2967.8379627243,4573208,0,3. factional,2. multiple identity,1,3,0,4,5,0,5
372,Georgia,2004,15,14,4,0,3179.69232937,4518528,0,4. transitional,2. multiple identity,1,3,0,4,7,0,7
372,Georgia,2005,21,11,3,0,3527.0709562082,4464543,,4. transitional,2. multiple identity,0,1,0,4,7,0,7
373,Azerbaijan,1995,5,10,1,0,1853.7946863377,7685000,0,2. suppressed,3. sectarian,1,2,1,4,0,6,-6
373,Azerbaijan,1996,8,8,3,0,1859.0255729285,7763000,0,2. suppressed,3. sectarian,0,1,0,4,0,6,-6
373,Azerbaijan,1997,5,8,6,0,1948.0287347483,7838000,0,2. suppressed,3. sectarian,0,0,0,4,0,6,-6
373,Azerbaijan,1998,10,14,6,0,2122.5216915523,7913000,0,2. suppressed,4. restricted,1,8,1,4,0,7,-7
373,Azerbaijan,1999,19,16,4,0,2259.5994227736,7983000,0,2. suppressed,4. restricted,0,10,3,4,0,7,-7
373,Azerbaijan,2000,17,15,5,0,2489.9740323417,8048534.78590979,0,2. suppressed,4. restricted,1,12,1,4,0,7,-7
373,Azerbaijan,2001,15,11,4,0,2715.358873536,8111143.77877744,0,2. suppressed,4. restricted,0,2,0,4,0,7,-7
373,Azerbaijan,2002,6,4,2,0,2980.8614926483,8171892.8957739,0,2. suppressed,4. restricted,0,20,4,4,0,7,-7
373,Azerbaijan,2003,3,4,1,0,3289.7001232269,8234039.36412743,0,2. suppressed,4. restricted,1,9,2,4,0,7,-7
373,Azerbaijan,2004,3,1,1,0,3593.6685094865,8306399.79834826,0,2. suppressed,4. restricted,0,0,0,4,0,7,-7
373,Azerbaijan,2005,6,6,1,0,4496.1439362616,8391850,,2. suppressed,4. restricted,1,12,3,4,0,7,-7
375,,1995,,,,,,,,,,,0,0,4,10,0,10
375,,1996,,,,,,,,,,,1,0,4,10,0,10
375,,1997,,,,,,,,,,,0,0,4,10,0,10
375,Finland,1998,1,0,0,0,25241.7820841818,5153000,0,5. competitive,5. regulated,0,0,0,4,10,0,10
375,Finland,1999,1,0,0,0,26168.3419385327,5165446.687364028,0,5. competitive,5. regulated,1,0,0,4,10,0,10
375,,2000,,,,,,,,,,,2,0,4,10,0,10
375,,2001,,,,,,,,,,,0,0,4,10,0,10
375,,2002,,,,,,,,,,,0,0,4,10,0,10
375,Finland,2003,0,0,1,0,28932.3713052595,5212995.694416023,0,5. competitive,5. regulated,1,0,0,4,10,0,10
375,,2004,,,,,,,,,,,0,0,4,10,0,10
375,,2005,,,,,,,,,,,0,0,4,10,0,10
380,Sweden,1995,2,2,3,0,24702.1979155902,8831000,0,5. competitive,5. regulated,0,0,0,4,10,0,10
380,Sweden,1996,1,1,2,0,25028.967950198,8843000,0,5. competitive,5. regulated,0,0,0,4,10,0,10
380,Sweden,1997,4,1,2,0,25626.0972772188,8849437,0,5. competitive,5. regulated,0,0,0,4,10,0,10
380,Sweden,1998,2,1,1,0,26596.3608360909,8851800,0,5. competitive,5. regulated,1,0,0,4,10,0,10
380,Sweden,1999,1,1,1,0,27800.9827548611,8857400,0,5. competitive,5. regulated,0,0,0,4,10,0,10
380,Sweden,2000,6,6,5,0,28985.9680363928,8869000,0,5. competitive,5. regulated,0,1,0,4,10,0,10
380,Sweden,2001,10,9,4,0,29210.226061691,8894000,0,5. competitive,5. regulated,0,0,0,4,10,0,10
380,Sweden,2002,4,0,1,0,29814.0103283711,8924000,0,5. competitive,5. regulated,1,0,0,4,10,0,10
380,Sweden,2003,3,2,1,0,30275.6685954154,8956000,0,5. competitive,5. regulated,0,0,0,4,10,0,10
380,Sweden,2004,2,0,1,0,31398.9670651394,8991994,0,5. competitive,5. regulated,0,0,0,4,10,0,10
380,Sweden,2005,1,0,0,0,32319.4303752676,9024040,,5. competitive,5. regulated,0,0,0,4,10,0,10
385,,1995,,,,,,,,,,,0,0,4,10,0,10
385,Norway,1996,1,0,1,0,39242.1756150194,4381000,0,5. competitive,5. regulated,0,0,0,4,10,0,10
385,,1997,,,,,,,,,,,0,0,4,10,0,10
385,Norway,1998,1,0,0,0,41979.2183769344,4432000,0,5. competitive,5. regulated,0,0,0,4,10,0,10
385,,1999,,,,,,,,,,,1,0,4,10,0,10
385,,2000,,,,,,,,,,,2,0,4,10,0,10
385,,2001,,,,,,,,,,,1,1,4,10,0,10
385,,2002,,,,,,,,,,,0,0,4,10,0,10
385,,2003,,,,,,,,,,,0,0,4,10,0,10
385,,2004,,,,,,,,,,,0,0,4,10,0,10
385,,2005,,,,,,,,,,,0,0,4,10,0,10
390,Denmark,1995,4,2,1,0,28083.2532327222,5228000,0,5. competitive,5. regulated,0,0,0,4,10,0,10
390,Denmark,1996,1,1,1,0,28692.6904085589,5262000,0,5. competitive,5. regulated,0,0,0,4,10,0,10
390,,1997,,,,,,,,,,,0,0,4,10,0,10
390,Denmark,1998,0,0,1,0,30027.5760478108,5301000,0,5. competitive,5. regulated,1,0,0,4,10,0,10
390,Denmark,1999,0,0,1,0,30691.5561026036,5319111,0,5. competitive,5. regulated,0,0,0,4,10,0,10
390,Denmark,2000,0,0,1,0,31666.0280012605,5337344,0,5. competitive,5. regulated,0,0,0,4,10,0,10
390,Denmark,2001,0,0,1,0,31783.6092286785,5355082,0,5. competitive,5. regulated,1,0,0,4,10,0,10
390,Denmark,2002,2,0,3,0,31817.744633187,5374255,0,5. competitive,5. regulated,0,0,0,4,10,0,10
390,Denmark,2003,0,1,1,0,31863.2530318955,5387174,0,5. competitive,5. regulated,0,0,0,4,10,0,10
390,Denmark,2004,0,1,0,0,32510.4844922638,5401177,0,5. competitive,5. regulated,0,0,0,4,10,0,10
390,Denmark,2005,0,0,1,0,33214.4060319694,5415978,,5. competitive,5. regulated,1,0,0,4,10,0,10
395,,1995,,,,,,,,,,,,,,,,
395,,1996,,,,,,,,,,,,,,,,
395,,1997,,,,,,,,,,,,,,,,
395,,1998,,,,,,,,,,,,,,,,
395,,1999,,,,,,,,,,,,,,,,
395,,2000,,,,,,,,,,,,,,,,
395,,2001,,,,,,,,,,,,,,,,
395,,2002,,,,,,,,,,,,,,,,
395,,2003,,,,,,,,,,,,,,,,
395,,2004,,,,,,,,,,,,,,,,
395,,2005,,,,,,,,,,,,,,,,
402,,1995,,,,,,,,,,,0,0,7,8,0,8
402,,1996,,,,,,,,,,,0,0,7,8,0,8
402,,1997,,,,,,,,,,,0,0,7,8,0,8
402,,1998,,,,,,,,,,,0,0,7,8,0,8
402,,1999,,,,,,,,,,,0,0,7,8,0,8
402,,2000,,,,,,,,,,,0,0,7,8,0,8
402,,2001,,,,,,,,,,,0,0,7,10,0,10
402,,2002,,,,,,,,,,,0,0,7,10,0,10
402,,2003,,,,,,,,,,,0,0,7,10,0,10
402,,2004,,,,,,,,,,,0,0,7,10,0,10
402,,2005,,,,,,,,,,,2,1,7,10,0,10
403,,1995,,,,,,,,,,,,,,,,
403,,1996,,,,,,,,,,,,,,,,
403,,1997,,,,,,,,,,,,,,,,
403,,1998,,,,,,,,,,,,,,,,
403,,1999,,,,,,,,,,,,,,,,
403,,2000,,,,,,,,,,,,,,,,
403,,2001,,,,,,,,,,,,,,,,
403,,2002,,,,,,,,,,,,,,,,
403,,2003,,,,,,,,,,,,,,,,
403,,2004,,,,,,,,,,,,,,,,
403,,2005,,,,,,,,,,,,,,,,
404,,1995,,,,,,,,,,,0,0,7,5,0,5
404,Guinea-Bissau,1996,1,12,0,0,707.0536502661,1193631,0,3. factional,2. multiple identity,0,0,0,7,5,0,5
404,,1997,,,,,,,,,,,0,0,7,5,0,5
404,Guinea-Bissau,1998,1,7,0,0,518.3021825561,1246861,0,,,0,0,0,7,-77,-77,0
404,,1999,,,,,,,,,,,3,1,7,-88,-88,3
404,,2000,,,,,,,,,,,0,0,7,5,0,5
404,,2001,,,,,,,,,,,3,1,7,5,0,5
404,Guinea-Bissau,2002,7,7,4,0,509.3970964048,1368533,0,3. factional,2. multiple identity,0,0,0,7,5,0,5
404,Guinea-Bissau,2003,7,7,5,0,493.7402390993,1403045,0,3. factional,2. multiple identity,0,0,0,7,1,2,-1
404,Guinea-Bissau,2004,0,4,0,0,492.4392174077,1437940,0,3. factional,2. multiple identity,1,2,2,7,1,2,-1
404,,2005,,,,,,,,,,,6,4,7,6,0,6
411,,1995,,,,,,,,,,,0,0,7,0,5,-5
411,,1996,,,,,,,,,,,0,0,7,0,5,-5
411,,1997,,,,,,,,,,,0,0,7,0,5,-5
411,,1998,,,,,,,,,,,0,0,7,0,5,-5
411,,1999,,,,,,,,,,,0,0,7,0,5,-5
411,,2000,,,,,,,,,,,1,0,7,0,5,-5
411,,2001,,,,,,,,,,,0,0,7,0,5,-5
411,,2002,,,,,,,,,,,0,0,7,0,5,-5
411,,2003,,,,,,,,,,,0,0,7,0,5,-5
411,,2004,,,,,,,,,,,0,0,7,0,5,-5
411,,2005,,,,,,,,,,,0,0,7,0,5,-5
420,Gambia,1995,2,0,0,0,1047.3849324303,1084888,0,1. repressed,4. restricted,0,0,0,7,0,7,-7
420,Gambia,1996,2,5,0,0,1031.0994628131,1126527,0,2. suppressed,4. restricted,1,0,0,7,0,6,-6
420,Gambia,1997,3,10,0,0,1042.029021821,1169332,0,2. suppressed,4. restricted,1,0,0,7,0,5,-5
420,Gambia,1998,0,1,1,0,1039.6431657381,1213036,0,2. suppressed,4. restricted,0,0,0,7,0,5,-5
420,Gambia,1999,1,2,2,0,1067.2476218832,1257287,0,2. suppressed,4. restricted,0,0,0,7,0,5,-5
420,Gambia,2000,4,0,1,0,1087.4396006303,1301808,0,2. suppressed,4. restricted,0,2,2,7,0,5,-5
420,Gambia,2001,1,0,0,0,1112.3176028446,1346508,0,2. suppressed,4. restricted,1,0,0,7,0,5,-5
420,Gambia,2002,2,0,0,0,1041.4623827621,1391378,0,2. suppressed,4. restricted,1,0,0,7,0,5,-5
420,Gambia,2003,3,1,0,0,1078.1843392289,1436321,0,2. suppressed,4. restricted,0,0,0,7,0,5,-5
420,,2004,,,,,,,,,,,0,0,7,0,5,-5
420,,2005,,,,,,,,,,,0,0,7,0,5,-5
432,,1995,,,,,,,,,,,0,0,7,7,0,7
432,,1996,,,,,,,,,,,0,0,7,7,0,7
432,,1997,,,,,,,,,,,7,7,7,6,0,6
432,Mali,1998,1,1,1,0,770.1444890323,10104129,0,3. factional,2. multiple identity,0,1,1,7,6,0,6
432,,1999,,,,,,,,,,,0,0,7,6,0,6
432,,2000,,,,,,,,,,,2,0,7,6,0,6
432,,2001,,,,,,,,,,,0,0,7,6,0,6
432,,2002,,,,,,,,,,,1,0,7,7,0,7
432,,2003,,,,,,,,,,,0,0,7,7,0,7
432,,2004,,,,,,,,,,,1,0,7,7,0,7
432,,2005,,,,,,,,,,,1,0,7,7,0,7
433,Senegal,1995,9,29,12,0,1369.2640830286,8659906,0,4. transitional,2. multiple identity,0,0,0,7,2,3,-1
433,Senegal,1996,3,6,5,0,1359.4075715942,8898207,0,4. transitional,2. multiple identity,0,1,0,7,2,3,-1
433,Senegal,1997,8,13,9,0,1364.5478596795,9141623,0,4. transitional,2. multiple identity,0,1,0,7,2,3,-1
433,Senegal,1998,8,17,9,0,1406.8005100944,9390097,0,4. transitional,2. multiple identity,1,1,0,7,2,3,-1
433,Senegal,1999,4,4,3,0,1456.7815667501,9643482,0,4. transitional,2. multiple identity,0,0,0,7,2,3,-1
433,Senegal,2000,1,1,2,0,1464.1655042593,9901787,0,4. transitional,2. multiple identity,1,0,0,7,8,0,8
433,Senegal,2001,1,0,1,0,1491.627526331,10164729,0,4. transitional,2. multiple identity,1,5,1,7,8,0,8
433,Senegal,2002,0,0,1,0,1462.8357404658,10432662,0,4. transitional,2. multiple identity,0,1,0,7,8,0,8
433,Senegal,2003,1,2,0,0,1520.3065329008,10706962,0,4. transitional,2. multiple identity,0,0,0,7,8,0,8
433,,2004,,,,,,,,,,,0,0,7,8,0,8
433,,2005,,,,,,,,,,,0,0,7,8,0,8
434,,1995,,,,,,,,,,,0,0,7,6,0,6
434,,1996,,,,,,,,,,,0,0,7,6,0,6
434,,1997,,,,,,,,,,,2,0,7,6,0,6
434,Benin,1998,0,1,0,0,1226.8371424398,6266017,0,4. transitional,2. multiple identity,0,1,1,7,6,0,6
434,Benin,1999,2,1,0,0,1246.7632139353,6455497,0,4. transitional,2. multiple identity,1,0,0,7,6,0,6
434,,2000,,,,,,,,,,,1,1,7,6,0,6
434,,2001,,,,,,,,,,,3,1,7,6,0,6
434,,2002,,,,,,,,,,,2,0,7,6,0,6
434,,2003,,,,,,,,,,,0,0,7,6,0,6
434,,2004,,,,,,,,,,,1,0,7,6,0,6
434,,2005,,,,,,,,,,,1,1,7,6,0,6
435,Mauritania,1995,0,1,0,0,1592.1903141142,2269550,0,2. suppressed,4. restricted,0,1,1,7,0,6,-6
435,Mauritania,1996,0,0,0,0,1639.6777857265,2332057,0,2. suppressed,4. restricted,1,0,0,7,0,6,-6
435,Mauritania,1997,0,2,0,0,1530.9670609981,2396629,0,2. suppressed,4. restricted,1,0,0,7,0,6,-6
435,Mauritania,1998,2,2,0,0,1530.8650192322,2463370,0,2. suppressed,4. restricted,0,1,0,7,0,6,-6
435,Mauritania,1999,0,0,0,0,1588.4633129297,2532405,0,2. suppressed,4. restricted,0,3,2,7,0,6,-6
435,Mauritania,2000,5,9,0,0,1573.5305218277,2603740,0,2. suppressed,4. restricted,0,5,1,7,0,6,-6
435,Mauritania,2001,0,0,3,0,1574.5051803873,2677391,0,2. suppressed,4. restricted,1,1,0,7,0,6,-6
435,Mauritania,2002,1,2,3,0,1548.0148963522,2753081,0,2. suppressed,4. restricted,0,1,0,7,0,6,-6
435,Mauritania,2003,3,4,4,0,1590.0975851233,2830156,0,2. suppressed,4. restricted,1,4,0,7,0,6,-6
435,Mauritania,2004,5,5,3,0,1627.8078969252,2907759,0,2. suppressed,4. restricted,0,5,0,7,0,6,-6
435,Mauritania,2005,6,4,3,0,1671.9013047559,2985224,,2. suppressed,3. sectarian,0,5,0,7,0,5,-5
436,,1995,,,,,,,,,,,6,4,7,8,0,8
436,Niger,1996,7,6,0,0,590.1880354007,9621819,0,2. suppressed,4. restricted,1,4,2,7,0,6,-6
436,Niger,1997,4,3,0,0,586.0646691124,9956361,0,2. suppressed,4. restricted,0,4,1,7,0,6,-6
436,Niger,1998,4,4,0,0,625.314903408,10303957,0,2. suppressed,4. restricted,0,10,8,7,0,6,-6
436,,1999,,,,,,,,,,,4,2,7,6,1,5
436,Niger,2000,1,1,0,0,572.5903339503,11031046,0,4. transitional,3. sectarian,0,5,1,7,6,1,5
436,,2001,,,,,,,,,,,12,5,7,6,1,5
436,,2002,,,,,,,,,,,7,3,7,6,1,5
436,,2003,,,,,,,,,,,2,0,7,6,1,5
436,,2004,,,,,,,,,,,1,1,7,7,1,6
436,,2005,,,,,,,,,,,4,1,7,7,1,6
437,Cote d'Ivoire,1995,6,3,3,0,1717.2068725634,14980854,0,2. suppressed,4. restricted,1,6,3,7,0,6,-6
437,Cote d'Ivoire,1996,6,1,0,0,1792.8106053869,15458193,0,2. suppressed,4. restricted,0,0,0,7,0,6,-6
437,Cote d'Ivoire,1997,4,3,0,0,1838.8135421159,15933410,0,2. suppressed,4. restricted,0,2,1,7,0,6,-6
437,Cote d'Ivoire,1998,1,0,1,0,1871.3651153054,16400315,0,2. suppressed,4. restricted,0,5,1,7,0,6,-6
437,Cote d'Ivoire,1999,3,2,2,0,1850.1872560201,16851199,0,,,0,13,8,7,-88,-88,-1
437,Cote d'Ivoire,2000,23,16,1,0,1737.364521588,17281479,0,3. factional,3. sectarian,1,7,5,7,5,1,4
437,Cote d'Ivoire,2001,1,1,0,0,1697.0709757167,17688037,0,3. factional,3. sectarian,1,6,0,7,5,1,4
437,Cote d'Ivoire,2002,1,1,0,1,1636.9901489417,18074853,0,,,0,1,0,7,-77,-77,0
437,Cote d'Ivoire,2003,2,1,0,0,1578.4744544417,18453355,0,,,0,3,2,7,-77,-77,0
437,Cote d'Ivoire,2004,5,5,0,0,1573.8618408821,18839434,0,,,0,1,0,7,-77,-77,0
437,Cote d'Ivoire,2005,3,2,1,0,1560.0560245204,19244866,,,,0,1,0,7,-77,-77,0
438,Guinea,1995,7,7,3,0,803.7354214105,7478431,0,3. factional,3. sectarian,1,0,0,7,1,2,-1
438,Guinea,1996,1,1,0,0,821.7495064526,7696484,0,3. factional,3. sectarian,0,0,0,7,1,2,-1
438,Guinea,1997,2,1,1,0,839.0572347237,7888284,0,3. factional,3. sectarian,0,0,0,7,1,2,-1
438,Guinea,1998,2,11,1,0,860.854225316,8060137,0,3. factional,3. sectarian,1,2,2,7,1,2,-1
438,Guinea,1999,1,1,0,0,883.2845904469,8222477.999999999,0,3. factional,3. sectarian,0,0,0,7,1,2,-1
438,Guinea,2000,2,5,3,0,882.6198591894999,8383554,0,3. factional,3. sectarian,0,0,0,7,1,2,-1
438,,2001,,,,,,,,,,,3,1,7,1,2,-1
438,Guinea,2002,2,2,0,0,907.4019611271,8705975,0,3. factional,3. sectarian,1,0,0,7,1,2,-1
438,,2003,,,,,,,,,,,1,1,7,1,2,-1
438,,2004,,,,,,,,,,,4,2,7,1,2,-1
438,,2005,,,,,,,,,,,0,0,7,1,2,-1
439,Burkina Faso,1995,2,2,0,0,759.0472900065,10127220,0,2. suppressed,4. restricted,0,0,0,7,0,5,-5
439,Burkina Faso,1996,1,3,0,0,819.6821914936,10411043,0,2. suppressed,4. restricted,0,0,0,7,0,5,-5
439,Burkina Faso,1997,1,3,0,0,847.688582902,10702998,0,2. suppressed,3. sectarian,1,2,1,7,0,4,-4
439,Burkina Faso,1998,0,2,0,0,884.4701529837,11007522,0,2. suppressed,3. sectarian,1,2,2,7,0,4,-4
439,Burkina Faso,1999,1,3,0,0,922.8812977623001,11330474,0,2. suppressed,3. sectarian,0,5,3,7,0,4,-4
439,Burkina Faso,2000,2,1,0,0,912.0998913583001,11676155,0,2. suppressed,3. sectarian,0,3,0,7,0,3,-3
439,Burkina Faso,2001,0,1,0,0,942.8979448073,12045713,0,4. transitional,3. sectarian,0,0,0,7,2,2,0
439,,2002,,,,,,,,,,,4,1,7,2,2,0
439,,2003,,,,,,,,,,,0,0,7,2,2,0
439,,2004,,,,,,,,,,,1,1,7,2,2,0
439,,2005,,,,,,,,,,,0,0,7,2,2,0
450,,1995,,,,,,,,,,,0,0,7,-77,-77,0
450,,1996,,,,,,,,,,,1,0,7,-88,-88,0
450,Liberia,1997,0,1,0,0,304.5267777171,2227448,0,3. factional,3. sectarian,0,0,0,7,3,3,0
450,Liberia,1998,1,0,0,0,360.6550027532,2439389,0,3. factional,3. sectarian,0,2,2,7,3,3,0
450,Liberia,1999,5,11,0,0,408.3052434415,2648134,0,3. factional,3. sectarian,0,2,2,7,3,3,0
450,Liberia,2000,8,11,2,0,481.2046631156,2824427,0,3. factional,3. sectarian,0,0,0,7,3,3,0
450,Liberia,2001,18,25,0,0,472.8782498665,2957510,0,3. factional,3. sectarian,0,1,1,7,3,3,0
450,Liberia,2002,7,11,1,0,474.4372671934,3056860,0,3. factional,3. sectarian,0,2,0,7,3,3,0
450,Liberia,2003,1,0,0,0,317.5255079053,3137852,1,,,0,3,0,7,-88,-88,1
450,Liberia,2004,0,0,0,0,317.0127914177,3224643,0,,,0,8,5,7,-88,-88,3
450,,2005,,,,,,,,,,,7,5,7,-88,-88,5
451,Sierra Leone,1995,0,1,0,0,533.0094477232,3988533,0,1. repressed,4. restricted,0,0,0,7,0,7,-7
451,Sierra Leone,1996,16,23,0,0,559.4207814506,3990238,0,3. factional,3. sectarian,1,2,0,7,5,1,4
451,,1997,,,,,,,,,,,3,1,7,-77,-77,0
451,,1998,,,,,,,,,,,0,0,7,-77,-77,0
451,,1999,,,,,,,,,,,0,0,7,-77,-77,0
451,Sierra Leone,2000,1,0,0,0,415.7275478263,4228178,0,,,0,0,0,7,-77,-77,0
451,Sierra Leone,2001,1,0,0,0,475.5631736135,4367781,0,,,0,0,0,7,-88,-88,2
451,Sierra Leone,2002,2,1,0,0,583.1256917505,4540322,0,3. factional,2. multiple identity,0,0,0,7,5,0,5
451,Sierra Leone,2003,1,0,0,0,611.4043328143,4732526,0,3. factional,2. multiple identity,0,0,0,7,5,0,5
451,,2004,,,,,,,,,,,0,0,7,5,0,5
451,Sierra Leone,2005,1,1,0,0,652.873753175,5106977,,3. factional,2. multiple identity,0,2,2,7,5,0,5
452,Ghana,1995,1,2,0,0,959.628943385,17245464,0,3. factional,3. sectarian,0,6,4,7,1,2,-1
452,Ghana,1996,1,2,0,0,977.8527820759,17702991,0,4. transitional,3. sectarian,0,0,0,7,3,1,2
452,Ghana,1997,3,3,0,0,993.4083999556,18157031,0,4. transitional,3. sectarian,0,0,0,7,3,1,2
452,Ghana,1998,1,2,0,0,1014.7772414806,18610166,0,4. transitional,3. sectarian,0,1,1,7,3,1,2
452,Ghana,1999,1,1,0,0,1034.0657923867,19066601,0,4. transitional,3. sectarian,0,4,2,7,3,1,2
452,Ghana,2000,3,5,0,0,1046.9198113512,19529305,0,4. transitional,3. sectarian,1,0,0,7,3,1,2
452,Ghana,2001,1,1,0,0,1063.2148954941,19999194,0,4. transitional,3. sectarian,0,0,0,7,7,1,6
452,,2002,,,,,,,,,,,0,0,7,7,1,6
452,,2003,,,,,,,,,,,3,0,7,7,1,6
452,,2004,,,,,,,,,,,0,0,7,8,0,8
452,,2005,,,,,,,,,,,1,0,7,8,0,8
461,Togo,1995,0,1,1,0,758.5152573669,4432026,0,3. factional,3. sectarian,0,0,0,7,1,3,-2
461,Togo,1996,0,0,0,0,799.7531570997,4574926,0,3. factional,3. sectarian,0,0,0,7,1,3,-2
461,Togo,1997,6,5,6,0,883.5875503893,4736206,0,3. factional,3. sectarian,0,1,0,7,1,3,-2
461,Togo,1998,10,11,5,0,832.9415840514999,4908635,0,3. factional,3. sectarian,1,7,5,7,1,3,-2
461,Togo,1999,11,19,8,1,824.5555017821,5081617,0,3. factional,3. sectarian,1,0,0,7,1,3,-2
461,Togo,2000,6,7,5,0,792.2359145244,5247486,0,3. factional,3. sectarian,0,1,0,7,1,3,-2
461,Togo,2001,6,3,2,0,767.9266569734,5403883,0,3. factional,3. sectarian,0,2,0,7,1,3,-2
461,Togo,2002,0,1,0,0,778.1839073353,5553171,0,3. factional,3. sectarian,1,2,1,7,1,3,-2
461,Togo,2003,1,5,0,0,778.8664209997,5698109,0,3. factional,3. sectarian,1,0,0,7,1,3,-2
461,Togo,2004,1,1,0,0,782.3000340957,5843292,0,3. factional,3. sectarian,0,1,1,7,1,3,-2
461,Togo,2005,12,26,0,0,772.0294156956001,5992080,,3. factional,3. sectarian,1,12,9,7,1,5,-4
471,Cameroon,1995,4,7,0,0,1639.578042358,14054403,0,3. factional,3. sectarian,0,0,0,7,1,5,-4
471,Cameroon,1996,5,6,2,0,1678.4720167384,14415168,0,3. factional,3. sectarian,0,1,1,7,1,5,-4
471,Cameroon,1997,33,24,1,0,1721.2526792321,14773789,0,3. factional,3. sectarian,1,0,0,7,1,5,-4
471,Cameroon,1998,12,1,1,0,1765.1002235475,15132782,0,3. factional,3. sectarian,0,0,0,7,1,5,-4
471,Cameroon,1999,7,3,1,0,1799.4926272785,15495758,0,3. factional,3. sectarian,0,0,0,7,1,5,-4
471,Cameroon,2000,3,3,3,0,1831.378206071,15865456,0,3. factional,3. sectarian,0,2,1,7,1,5,-4
471,Cameroon,2001,1,0,1,0,1869.6224289463,16242478,0,3. factional,3. sectarian,0,1,1,7,1,5,-4
471,Cameroon,2002,6,2,0,0,1899.6725156211,16626413,0,3. factional,3. sectarian,1,0,0,7,1,5,-4
471,,2003,,,,,,,,,,,1,1,7,1,5,-4
471,Cameroon,2004,0,3,0,0,1956.4151753017,17416687,0,3. factional,3. sectarian,1,1,1,7,1,5,-4
471,Cameroon,2005,2,2,0,0,1955.6837009445,17823352,,3. factional,3. sectarian,0,2,0,7,1,5,-4
475,Nigeria,1995,29,14,14,0,1414.9079118361,110449331,0,2. suppressed,4. restricted,0,1,0,7,0,6,-6
475,Nigeria,1996,18,8,13,0,1439.7359263666,113212070,0,2. suppressed,4. restricted,0,0,0,7,0,6,-6
475,Nigeria,1997,18,10,8,1,1442.7390919118,116026774,0,2. suppressed,4. restricted,0,0,0,7,0,6,-6
475,Nigeria,1998,19,11,12,1,1434.3452655334,118899179,0,,,0,2,2,7,-88,-88,-1
475,Nigeria,1999,5,4,2,0,1415.1718119784,121836150,0,0. not applicable,2. multiple identity,1,0,0,7,4,0,4
475,Nigeria,2000,9,8,3,0,1455.6733767786,124842371,0,0. not applicable,2. multiple identity,0,2,2,7,4,0,4
475,Nigeria,2001,5,4,0,0,1464.71484913,127917961,0,0. not applicable,2. multiple identity,0,2,1,7,4,0,4
475,Nigeria,2002,14,11,0,0,1451.7343356765,131060791,0,0. not applicable,2. multiple identity,0,1,1,7,4,0,4
475,Nigeria,2003,2,1,1,0,1562.9916019645,134269942,0,0. not applicable,2. multiple identity,1,1,1,7,4,0,4
475,Nigeria,2004,3,2,0,0,1687.5248965016,137543599,0,0. not applicable,2. multiple identity,0,2,0,7,4,0,4
475,Nigeria,2005,6,7,0,0,1736.5457667424,140878575,,0. not applicable,2. multiple identity,0,2,2,7,4,0,4
481,Gabon,1995,1,0,0,0,14899.050426892,1084447,0,2. suppressed,3. sectarian,0,0,0,7,0,4,-4
481,,1996,,,,,,,,,,,0,0,7,0,4,-4
481,Gabon,1997,0,1,0,0,15450.190874495,1145857,0,2. suppressed,3. sectarian,0,0,0,7,0,4,-4
481,,1998,,,,,,,,,,,2,2,7,0,4,-4
481,,1999,,,,,,,,,,,2,2,7,0,4,-4
481,,2000,,,,,,,,,,,0,0,7,0,4,-4
481,,2001,,,,,,,,,,,0,0,7,0,4,-4
481,,2002,,,,,,,,,,,0,0,7,0,4,-4
481,Gabon,2003,0,1,0,0,12983.2182160629,1315994,0,2. suppressed,3. sectarian,0,0,0,7,0,4,-4
481,,2004,,,,,,,,,,,1,1,7,0,4,-4
481,,2005,,,,,,,,,,,2,2,7,0,4,-4
482,,1995,,,,,,,,,,,0,0,7,5,0,5
482,,1996,,,,,,,,,,,7,3,7,5,0,5
482,,1997,,,,,,,,,,,1,0,7,5,0,5
482,,1998,,,,,,,,,,,0,0,7,5,0,5
482,,1999,,,,,,,,,,,1,1,7,5,0,5
482,,2000,,,,,,,,,,,6,2,7,5,0,5
482,Central African Republic,2001,6,4,0,0,744.049002618,3819543,0,3. factional,2. multiple identity,0,0,0,7,5,0,5
482,Central African Republic,2002,18,18,0,0,726.3299296884001,3889927,0,3. factional,2. multiple identity,0,5,2,7,5,0,5
482,Central African Republic,2003,11,12,0,0,659.4627568887,3958741,0,3. factional,2. multiple identity,0,1,1,7,1,2,-1
482,,2004,,,,,,,,,,,5,1,7,1,2,-1
482,,2005,,,,,,,,,,,2,0,7,1,2,-1
483,Chad,1995,2,12,6,0,761.3692741805,7127765,0,2. suppressed,3. sectarian,0,1,1,7,0,4,-4
483,Chad,1996,12,11,6,0,753.905603294,7357735,0,3. factional,3. sectarian,1,0,0,7,1,3,-2
483,Chad,1997,5,7,3,0,771.4566415724,7596841,0,3. factional,3. sectarian,1,0,0,7,1,3,-2
483,Chad,1998,3,2,1,0,798.6614049015,7848182,0,3. factional,3. sectarian,0,0,0,7,1,3,-2
483,Chad,1999,1,1,1,0,767.056966008,8115745,0,3. factional,3. sectarian,0,0,0,7,1,3,-2
483,Chad,2000,2,3,1,0,734.4322495038,8401696,0,3. factional,3. sectarian,0,0,0,7,1,3,-2
483,Chad,2001,5,6,3,1,791.1969701565,8708121,0,3. factional,3. sectarian,1,1,0,7,1,3,-2
483,Chad,2002,0,3,0,0,827.5660622675,9032354,0,3. factional,3. sectarian,1,0,0,7,1,3,-2
483,Chad,2003,0,0,0,0,915.5801230582,9365969,0,3. factional,3. sectarian,0,0,0,7,1,3,-2
483,Chad,2004,0,2,0,0,1181.6640736181,9697437,0,3. factional,3. sectarian,0,0,0,7,1,3,-2
483,,2005,,,,,,,,,,,2,2,7,1,3,-2
484,"Congo (Brazzaville, Republic of Congo)",1995,3,1,0,0,3123.5564421535,2782397,0,3. factional,3. sectarian,0,0,0,7,6,1,5
484,"Congo (Brazzaville, Republic of Congo)",1996,2,0,1,0,3196.9881878955,2835383,0,3. factional,3. sectarian,0,1,1,7,6,1,5
484,"Congo (Brazzaville, Republic of Congo)",1997,0,0,1,0,3125.7657069408,2882589,0,2. suppressed,4. restricted,0,2,1,7,0,6,-6
484,"Congo (Brazzaville, Republic of Congo)",1998,5,12,3,0,3191.0000268467,2928135,0,2. suppressed,4. restricted,0,0,0,7,0,6,-6
484,"Congo (Brazzaville, Republic of Congo)",1999,8,8,6,0,3056.2205340282,2977777,0,2. suppressed,4. restricted,0,0,0,7,0,6,-6
484,"Congo (Brazzaville, Republic of Congo)",2000,4,1,3,0,3225.9508778619,3035508,0,2. suppressed,4. restricted,0,0,0,7,0,6,-6
484,"Congo (Brazzaville, Republic of Congo)",2001,2,2,3,0,3275.3729999144,3103314,0,2. suppressed,3. sectarian,0,0,0,7,0,5,-5
484,"Congo (Brazzaville, Republic of Congo)",2002,4,4,3,0,3343.7783871879,3179660,0,2. suppressed,3. sectarian,1,1,0,7,0,4,-4
484,"Congo (Brazzaville, Republic of Congo)",2003,2,2,0,0,3286.6894323697,3260769,0,2. suppressed,3. sectarian,0,0,0,7,0,4,-4
484,"Congo (Brazzaville, Republic of Congo)",2004,0,2,0,0,3319.982669883,3341052,0,2. suppressed,3. sectarian,0,2,0,7,0,4,-4
484,,2005,,,,,,,,,,,0,0,7,0,4,-4
490,,1995,,,,,,,,,,,1,1,7,-77,-77,0
490,,1996,,,,,,,,,,,1,1,7,-77,-77,0
490,,1997,,,,,,,,,,,4,0,7,-77,-77,0
490,,1998,,,,,,,,,,,0,0,7,-77,-77,0
490,,1999,,,,,,,,,,,2,0,7,-77,-77,0
490,"Democratic Republic of the Congo (Zaire, Congo-Kinshasha)",2000,1,1,1,0,254.0614142067,50829248,0,,,0,1,0,7,-77,-77,0
490,"Democratic Republic of the Congo (Zaire, Congo-Kinshasha)",2001,14,25,4,0,241.8057737785,52284019,0,,,0,0,0,7,-77,-77,0
490,"Democratic Republic of the Congo (Zaire, Congo-Kinshasha)",2002,7,5,2,1,242.7603512191,53884709,0,,,0,2,0,7,-77,-77,0
490,"Democratic Republic of the Congo (Zaire, Congo-Kinshasha)",2003,9,12,0,1,248.9385729949,55590624,0,,,0,1,0,7,-88,-88,1
490,"Democratic Republic of the Congo (Zaire, Congo-Kinshasha)",2004,7,19,4,1,257.3821622062,57337002,0,,,0,1,1,7,-88,-88,3
490,"Democratic Republic of the Congo (Zaire, Congo-Kinshasha)",2005,9,12,3,1,265.948207766,59076752,,,,0,4,2,7,-88,-88,4
500,Uganda,1995,0,3,0,0,665.9195212805,20953589,0,2. suppressed,4. restricted,0,1,0,7,0,4,-4
500,Uganda,1996,1,4,0,0,704.0356656418001,21617190,0,2. suppressed,4. restricted,1,1,1,7,0,4,-4
500,Uganda,1997,2,20,0,0,717.6633218508,22288245,0,2. suppressed,4. restricted,0,0,0,7,0,4,-4
500,Uganda,1998,1,10,2,0,730.3747712925,22974610,0,2. suppressed,4. restricted,0,1,0,7,0,4,-4
500,Uganda,1999,1,6,0,0,765.4694231206,23686817,0,2. suppressed,4. restricted,0,0,0,7,0,4,-4
500,Uganda,2000,0,3,0,0,783.9377615329,24432843,0,2. suppressed,4. restricted,0,0,0,7,0,4,-4
500,Uganda,2001,2,3,1,0,797.1548964414,25215902,0,2. suppressed,4. restricted,1,0,0,7,0,4,-4
500,Uganda,2002,2,3,1,0,821.5141957545,26035327,0,2. suppressed,4. restricted,0,2,2,7,0,4,-4
500,Uganda,2003,1,1,1,0,846.8789304411,26890404,0,2. suppressed,4. restricted,0,0,0,7,0,4,-4
500,Uganda,2004,0,0,0,0,875.596739578,27778909,1,2. suppressed,4. restricted,0,5,2,7,0,4,-4
500,Uganda,2005,1,2,0,0,901.187145727,28699255,,3. factional,3. sectarian,0,4,2,7,1,2,-1
501,Kenya,1995,30,50,27,0,1311.4671452612,27492083,0,2. suppressed,3. sectarian,0,1,0,7,0,5,-5
501,Kenya,1996,14,27,14,0,1327.638762946,28283375,0,2. suppressed,3. sectarian,0,2,2,7,0,5,-5
501,Kenya,1997,12,25,10,0,1298.0863240057,29064655,0,4. transitional,3. sectarian,0,8,3,7,2,4,-2
501,Kenya,1998,6,13,4,0,1305.7833864634,29843983,0,4. transitional,3. sectarian,0,4,1,7,2,4,-2
501,Kenya,1999,3,9,2,0,1301.4800362199,30632957,0,4. transitional,3. sectarian,0,2,1,7,2,4,-2
501,Kenya,2000,15,20,8,1,1275.6506694331,31440637,0,4. transitional,3. sectarian,0,3,1,7,2,4,-2
501,Kenya,2001,3,5,1,1,1289.8687548195,32269397,0,4. transitional,3. sectarian,0,3,1,7,2,4,-2
501,Kenya,2002,3,2,1,0,1263.6608386657,33118782,0,4. transitional,2. multiple identity,0,6,1,7,8,0,8
501,Kenya,2003,0,0,2,0,1267.3180767921,33991605,0,4. transitional,2. multiple identity,0,2,1,7,8,0,8
501,Kenya,2004,1,3,1,0,1297.693887508,34890366,0,4. transitional,2. multiple identity,0,4,1,7,8,0,8
501,Kenya,2005,1,1,0,0,1338.7962682226,35816784,,4. transitional,2. multiple identity,0,6,3,7,8,0,8
510,Tanzania,1995,5,5,0,0,822.4866749559612,29971801,0,2. suppressed,3. sectarian,0,0,0,7,2,3,-1
510,Tanzania,1996,7,5,0,1,836.1122127508136,30823204,0,2. suppressed,3. sectarian,0,0,0,7,2,3,-1
510,Tanzania,1997,4,4,0,1,843.1238880252131,31644436,0,2. suppressed,3. sectarian,0,0,0,7,2,3,-1
510,Tanzania,1998,7,3,0,1,852.6046888187714,32453044,0,2. suppressed,3. sectarian,0,2,2,7,2,3,-1
510,,1999,,,,,,,,,,,0,0,7,2,3,-1
510,Tanzania,2000,9,1,0,0,882.0978568763477,34131312,0,2. suppressed,3. sectarian,0,2,2,7,2,3,-1
510,Tanzania,2001,17,28,0,0,913.2225799471813,35026198,0,2. suppressed,3. sectarian,0,3,1,7,2,3,-1
510,Tanzania,2002,7,8,0,0,953.9829986233425,35957575,0,2. suppressed,3. sectarian,0,3,0,7,2,3,-1
510,Tanzania,2003,0,9,1,0,981.0453473750299,36929648,0,2. suppressed,3. sectarian,0,0,0,7,2,3,-1
510,Tanzania,2004,0,1,0,0,1019.157311834257,37945476,0,2. suppressed,3. sectarian,0,2,0,7,2,3,-1
510,Tanzania,2005,0,7,0,0,1064.575295836389,39007359,,2. suppressed,3. sectarian,0,1,1,7,2,3,-1
516,Burundi,1995,3,9,1,0,392.6219832323,6166983,0,,,0,3,0,7,-77,-77,0
516,Burundi,1996,6,6,1,0,358.0146980757,6222062,0,2. suppressed,4. restricted,0,8,2,7,0,5,-5
516,Burundi,1997,18,10,4,1,349.8458728237,6266105,0,2. suppressed,4. restricted,0,0,0,7,0,5,-5
516,Burundi,1998,11,11,5,1,363.7975283913,6312025,1,3. factional,3. sectarian,0,0,0,7,1,2,-1
516,Burundi,1999,9,11,4,0,356.463730737,6376824,0,3. factional,3. sectarian,0,0,0,7,1,2,-1
516,Burundi,2000,8,6,0,0,348.1786887822,6472622,1,3. factional,3. sectarian,0,3,3,7,1,2,-1
516,Burundi,2001,7,7,1,0,348.2836440259,6603696,1,,,0,1,0,7,-88,-88,0
516,Burundi,2002,7,6,1,0,355.0144207892,6766563,1,,,0,4,3,7,-88,-88,2
516,Burundi,2003,3,2,0,0,341.1337309905,6955720,0,,,0,1,1,7,-88,-88,3
516,Burundi,2004,3,7,0,0,347.3186824787,7162083,0,,,0,2,1,7,-88,-88,5
516,Burundi,2005,3,2,0,0,340.1828510244,7378129,,4. transitional,3. sectarian,1,0,0,7,7,1,6
517,Rwanda,1995,6,11,3,0,594.4304416659,5440441,0,1. repressed,4. restricted,0,0,0,7,0,6,-6
517,Rwanda,1996,8,16,1,0,644.1819601677,5660132,0,1. repressed,4. restricted,0,0,0,7,0,6,-6
517,Rwanda,1997,16,16,1,1,674.8883502778,6150852,0,1. repressed,4. restricted,0,0,0,7,0,6,-6
517,Rwanda,1998,11,15,2,1,664.4762874199,6800655,1,1. repressed,4. restricted,0,0,0,7,0,6,-6
517,Rwanda,1999,7,15,0,1,653.1507828683,7443081,0,1. repressed,4. restricted,0,0,0,7,0,6,-6
517,Rwanda,2000,17,30,9,1,660.387789592,7957797,0,2. suppressed,3. sectarian,0,0,0,7,0,4,-4
517,Rwanda,2001,13,26,4,1,686.1482183893,8310050.999999999,1,2. suppressed,3. sectarian,0,0,0,7,0,4,-4
517,Rwanda,2002,3,3,0,0,741.230028902,8538697,0,2. suppressed,3. sectarian,0,0,0,7,0,4,-4
517,Rwanda,2003,3,3,0,0,730.8914245925999,8685457,0,2. suppressed,3. sectarian,1,0,0,7,0,3,-3
517,Rwanda,2004,1,0,1,0,757.9153276268,8819688,0,2. suppressed,3. sectarian,0,0,0,7,0,3,-3
517,Rwanda,2005,2,1,0,1,796.1599427069,8992140,,2. suppressed,3. sectarian,0,0,0,7,0,3,-3
520,,1995,,,,,,,,,,,0,0,7,-77,-77,0
520,,1996,,,,,,,,,,,4,0,7,-77,-77,0
520,,1997,,,,,,,,,,,2,0,7,-77,-77,0
520,,1998,,,,,,,,,,,0,0,7,-77,-77,0
520,,1999,,,,,,,,,,,0,0,7,-77,-77,0
520,,2000,,,,,,,,,,,0,0,7,-77,-77,0
520,,2001,,,,,,,,,,,0,0,7,-77,-77,0
520,,2002,,,,,,,,,,,0,0,7,-77,-77,0
520,,2003,,,,,,,,,,,1,0,7,-77,-77,0
520,,2004,,,,,,,,,,,0,0,7,-77,-77,0
520,,2005,,,,,,,,,,,1,0,7,-77,-77,0
522,,1995,,,,,,,,,,,1,0,7,0,7,-7
522,,1996,,,,,,,,,,,1,0,7,0,6,-6
522,,1997,,,,,,,,,,,0,0,7,0,6,-6
522,,1998,,,,,,,,,,,0,0,7,0,6,-6
522,,1999,,,,,,,,,,,0,0,7,3,1,2
522,,2000,,,,,,,,,,,1,1,7,3,1,2
522,,2001,,,,,,,,,,,0,0,7,3,1,2
522,,2002,,,,,,,,,,,1,1,7,3,1,2
522,,2003,,,,,,,,,,,0,0,7,3,1,2
522,,2004,,,,,,,,,,,0,0,7,3,1,2
522,,2005,,,,,,,,,,,2,2,7,3,1,2
529,,1995,,,,,,,,,,,,,,3,2,1
529,,1996,,,,,,,,,,,,,,3,2,1
529,,1997,,,,,,,,,,,,,,3,2,1
529,,1998,,,,,,,,,,,,,,3,2,1
529,,1999,,,,,,,,,,,,,,3,2,1
529,,2000,,,,,,,,,,,,,,3,2,1
530,Ethiopia,1995,10,3,2,0,485.9883729922,56982906,0,3. factional,3. sectarian,1,0,0,7,,,
530,Ethiopia,1996,4,2,4,0,,,0,3. factional,3. sectarian,0,2,0,7,,,
530,Ethiopia,1997,6,2,4,0,,,0,3. factional,3. sectarian,0,1,0,7,,,
530,Ethiopia,1998,7,1,3,0,499.2734084616,62089193,0,3. factional,3. sectarian,0,0,0,7,,,
530,Ethiopia,1999,9,2,3,0,,,0,3. factional,3. sectarian,0,0,0,7,,,
530,Ethiopia,2000,2,5,0,0,527.8140803623,65514626,0,3. factional,3. sectarian,1,0,0,7,,,
530,Ethiopia,2001,14,0,0,0,556.694539205,67272331,0,3. factional,3. sectarian,0,3,2,7,,,
530,Ethiopia,2002,4,4,0,0,,,0,3. factional,3. sectarian,0,3,2,7,,,
530,,2003,,,,,,,,,,,0,0,7,,,
530,,2004,,,,,,,,,,,1,0,7,,,
530,,2005,,,,,,,,,,,2,2,7,,,
531,,1995,,,,,,,,,,,0,0,7,0,6,-6
531,,1996,,,,,,,,,,,0,0,7,0,6,-6
531,,1997,,,,,,,,,,,0,0,7,0,6,-6
531,Eritrea,1998,5,0,0,0,845.0277451205,3419101,0,2. suppressed,4. restricted,0,0,0,7,0,6,-6
531,Eritrea,1999,6,6,1,0,818.5673771712,3530100,0,2. suppressed,4. restricted,0,0,0,7,0,6,-6
531,Eritrea,2000,0,0,0,0,686.4293831235,3657325,0,2. suppressed,4. restricted,0,0,0,7,0,6,-6
531,Eritrea,2001,2,0,0,0,718.9442671454,3801913,0,2. suppressed,4. restricted,0,1,0,7,0,7,-7
531,Eritrea,2002,3,1,0,0,710.4168887843,3963184,0,2. suppressed,4. restricted,0,0,0,7,0,7,-7
531,Eritrea,2003,0,4,1,0,662.9164371626,4134377,0,2. suppressed,4. restricted,0,0,0,7,0,7,-7
531,Eritrea,2004,6,4,2,0,645.6544618176,4306537,0,2. suppressed,4. restricted,0,0,0,7,0,7,-7
531,Eritrea,2005,1,0,0,0,637.6124543106,4473122,,2. suppressed,4. restricted,0,0,0,7,0,7,-7
540,Angola,1995,0,6,1,0,2146.6556163006,12539131,0,,,0,0,0,7,-88,-88,-2
540,Angola,1996,0,3,0,0,2322.5032024481,12887785,0,,,0,0,0,7,-88,-88,-2
540,Angola,1997,1,16,2,0,2443.231808671,13218780,0,3. factional,3. sectarian,0,0,0,7,1,4,-3
540,Angola,1998,14,23,5,0,2546.1892463574,13547401,1,3. factional,3. sectarian,0,0,0,7,1,4,-3
540,Angola,1999,4,11,2,0,2562.7700441484,13895820,0,3. factional,3. sectarian,0,1,0,7,1,4,-3
540,Angola,2000,2,9,0,0,2569.0254750991,14279518,0,3. factional,3. sectarian,0,2,0,7,1,4,-3
540,Angola,2001,3,8,0,0,2573.1823226659,14704383,0,3. factional,3. sectarian,0,1,1,7,1,4,-3
540,Angola,2002,9,16,1,0,2856.7516177294,15164026,0,4. transitional,3. sectarian,0,1,1,7,2,4,-2
540,Angola,2003,10,21,2,0,2860.1954077566,15646832,0,4. transitional,3. sectarian,0,3,0,7,2,4,-2
540,Angola,2004,12,13,2,0,3083.7437073292,16135465,0,4. transitional,3. sectarian,0,1,0,7,2,4,-2
540,Angola,2005,3,6,0,0,3611.4926323315,16617589,,4. transitional,3. sectarian,0,2,0,7,2,4,-2
541,Mozambique,1995,4,4,0,0,402.9833359375,15945442,0,4. transitional,2. multiple identity,0,3,3,7,5,0,5
541,Mozambique,1996,5,5,1,0,420.007312796,16431268,0,4. transitional,2. multiple identity,0,1,1,7,5,0,5
541,Mozambique,1997,11,10,2,0,450.4835368944,16888168,0,4. transitional,2. multiple identity,0,2,0,7,5,0,5
541,Mozambique,1998,4,4,0,0,486.3525862913,17329259,0,4. transitional,2. multiple identity,0,1,0,7,5,0,5
541,Mozambique,1999,0,0,0,0,512.5729681684001,17777579,0,4. transitional,2. multiple identity,0,0,0,7,5,0,5
541,Mozambique,2000,4,4,1,0,504.767853588,18249419,0,4. transitional,2. multiple identity,0,1,1,7,5,0,5
541,Mozambique,2001,2,3,0,0,549.8599388832999,18746257,0,4. transitional,2. multiple identity,0,1,1,7,5,0,5
541,Mozambique,2002,2,2,1,0,582.3968392881,19259465,0,4. transitional,2. multiple identity,0,0,0,7,5,0,5
541,Mozambique,2003,3,3,0,0,601.1189132829001,19783627,0,4. transitional,2. multiple identity,0,2,1,7,5,0,5
541,Mozambique,2004,5,5,0,0,631.683294245,20310610,0,4. transitional,2. multiple identity,0,3,0,7,5,0,5
541,,2005,,,,,,,,,,,1,0,7,5,0,5
551,Zambia,1995,1,1,1,0,1001.9087768499,9107859,0,3. factional,2. multiple identity,0,3,2,7,6,0,6
551,Zambia,1996,2,0,1,0,1041.2536843263,9372406,0,3. factional,2. multiple identity,0,5,2,7,3,2,1
551,Zambia,1997,4,13,9,0,1045.0238643562,9646656,0,3. factional,2. multiple identity,0,12,4,7,3,2,1
551,Zambia,1998,3,7,6,1,996.8201941356,9925170,0,3. factional,2. multiple identity,0,5,3,7,3,2,1
551,Zambia,1999,3,5,3,0,991.4994029919,10200392,0,3. factional,2. multiple identity,0,1,0,7,3,2,1
551,Zambia,2000,0,2,0,0,1000.7975188249,10467278,0,3. factional,2. multiple identity,0,0,0,7,3,2,1
551,Zambia,2001,1,6,1,0,1024.6649523386,10723651,0,3. factional,2. multiple identity,0,4,0,7,5,0,5
551,Zambia,2002,0,1,0,0,1028.6424350273,10972245,0,3. factional,2. multiple identity,0,2,1,7,5,0,5
551,Zambia,2003,0,2,0,0,1063.0472326836,11218960,0,3. factional,2. multiple identity,0,2,1,7,5,0,5
551,Zambia,2004,0,2,1,0,1096.0979397108,11472278,0,3. factional,2. multiple identity,0,2,0,7,5,0,5
551,Zambia,2005,0,2,0,0,1126.9501208498,11738432,,3. factional,2. multiple identity,0,5,2,7,5,0,5
552,Zimbabwe,1995,1,1,0,0,251.0953691218,11713351,0,2. suppressed,4. restricted,1,8,2,7,0,6,-6
552,Zimbabwe,1996,2,2,0,0,272.5006283846,11911509,0,2. suppressed,4. restricted,1,6,1,7,0,6,-6
552,Zimbabwe,1997,1,0,0,0,275.6337897497,12091779,0,2. suppressed,4. restricted,0,5,2,7,0,6,-6
552,Zimbabwe,1998,3,2,1,0,279.9778610727,12247626,0,2. suppressed,4. restricted,0,9,5,7,0,6,-6
552,Zimbabwe,1999,6,1,1,0,267.2187565042,12370456,0,3. factional,3. sectarian,0,3,1,7,1,4,-3
552,Zimbabwe,2000,17,15,4,0,244.4307967928,12455362,0,3. factional,3. sectarian,1,6,4,7,1,4,-3
552,Zimbabwe,2001,13,17,2,0,236.9362551845,12502406,0,3. factional,3. sectarian,0,1,0,7,1,5,-4
552,Zimbabwe,2002,17,16,2,0,226.2349978027,12517662,0,3. factional,3. sectarian,1,1,0,7,1,5,-4
552,Zimbabwe,2003,21,21,6,0,202.8276129932,12510191,0,3. factional,3. sectarian,0,5,1,7,1,5,-4
552,Zimbabwe,2004,17,17,5,0,195.3996543495,12492297,0,3. factional,3. sectarian,0,2,0,7,1,5,-4
552,Zimbabwe,2005,10,10,4,0,185.2987938592,12475084,,3. factional,3. sectarian,1,2,1,7,1,5,-4
553,Malawi,1995,1,0,0,0,666.4998552586,10144031,0,4. transitional,2. multiple identity,0,3,1,7,6,0,6
553,Malawi,1996,2,0,1,0,698.1447223329,10392796,0,4. transitional,2. multiple identity,0,0,0,7,6,0,6
553,Malawi,1997,1,0,0,0,703.1573569165,10710037,0,4. transitional,2. multiple identity,0,0,0,7,6,0,6
553,,1998,,,,,,,,,,,0,0,7,6,0,6
553,,1999,,,,,,,,,,,2,1,7,6,0,6
553,Malawi,2000,3,2,0,0,692.1637003623,11831431,0,4. transitional,2. multiple identity,0,1,1,7,6,0,6
553,,2001,,,,,,,,,,,7,6,7,5,1,4
553,Malawi,2002,1,1,0,0,592.5265839245,12552609,0,4. transitional,3. sectarian,0,2,2,7,5,1,4
553,Malawi,2003,1,1,0,0,612.2435583328,12911782,0,4. transitional,3. sectarian,0,4,3,7,6,1,5
553,,2004,,,,,,,,,,,4,2,7,7,1,6
553,,2005,,,,,,,,,,,1,1,7,6,0,6
560,South Africa,1995,0,7,4,0,7349.021722183,39120000,0,4. transitional,2. multiple identity,0,5,2,7,9,0,9
560,South Africa,1996,0,4,6,0,7496.8388381019,40000246.95375642,0,4. transitional,2. multiple identity,0,7,5,7,9,0,9
560,South Africa,1997,6,6,7,0,7521.1866329206,40926063.03834188,0,4. transitional,2. multiple identity,0,2,2,7,9,0,9
560,South Africa,1998,7,12,3,0,7384.4250388559,41899682.77723422,0,4. transitional,2. multiple identity,0,2,0,7,9,0,9
560,South Africa,1999,2,5,5,0,7378.2739247529,42923484.53414006,0,4. transitional,2. multiple identity,1,0,0,7,9,0,9
560,South Africa,2000,4,9,0,0,7496.7900197111,44000000,0,4. transitional,2. multiple identity,0,2,0,7,9,0,9
560,South Africa,2001,1,5,0,0,7562.2319334086,44812420.85153298,0,4. transitional,2. multiple identity,0,5,0,7,9,0,9
560,South Africa,2002,2,3,3,0,7764.5493211786,45245622,0,4. transitional,2. multiple identity,0,2,1,7,9,0,9
560,South Africa,2003,0,3,3,0,7909.6513819383,45801325,0,4. transitional,2. multiple identity,0,3,0,7,9,0,9
560,South Africa,2004,0,4,2,0,8196.659470340201,46347516,0,4. transitional,2. multiple identity,1,2,0,7,9,0,9
560,South Africa,2005,0,3,0,0,8503.647835874201,46892428,,4. transitional,2. multiple identity,0,2,2,7,9,0,9
565,,1995,,,,,,,,,,,1,1,7,6,0,6
565,,1996,,,,,,,,,,,0,0,7,6,0,6
565,Namibia,1997,1,0,2,0,4524.8509844018,1702108,0,4. transitional,2. multiple identity,0,11,3,7,6,0,6
565,Namibia,1998,1,0,1,0,4562.3503412005,1743709,0,4. transitional,2. multiple identity,0,9,0,7,6,0,6
565,Namibia,1999,12,9,11,0,4608.2512344085,1784558,0,4. transitional,2. multiple identity,1,10,0,7,6,0,6
565,Namibia,2000,2,11,1,0,4665.8909653018,1823997,0,4. transitional,2. multiple identity,0,6,0,7,6,0,6
565,Namibia,2001,3,4,2,0,4625.0391203002,1861828,0,4. transitional,2. multiple identity,0,6,0,7,6,0,6
565,Namibia,2002,4,2,2,0,4752.9032358456,1898470,0,4. transitional,2. multiple identity,0,5,1,7,6,0,6
565,Namibia,2003,3,1,1,0,4861.8276628236,1934616,0,4. transitional,2. multiple identity,0,7,0,7,6,0,6
565,,2004,,,,,,,,,,,11,1,7,6,0,6
565,,2005,,,,,,,,,,,23,1,7,6,0,6
570,Lesotho,1995,3,1,0,1,1099.0967400514,1725707,0,3. factional,2. multiple identity,0,1,0,7,8,0,8
570,Lesotho,1996,1,2,1,0,1132.4280584844,1756889,0,3. factional,2. multiple identity,0,2,0,7,8,0,8
570,Lesotho,1997,1,2,1,0,1151.3863852835,1790692,0,3. factional,2. multiple identity,0,4,1,7,8,0,8
570,Lesotho,1998,2,4,2,0,1132.5395239748,1825395,0,,,1,4,1,7,-77,-77,0
570,Lesotho,1999,2,2,2,0,1126.4435810438,1858582,0,,,0,2,0,7,-88,-88,2
570,Lesotho,2000,1,1,1,0,1158.7091245967,1888520,0,,,0,2,1,7,-88,-88,4
570,Lesotho,2001,1,2,2,0,1177.6145812752,1914608,0,,,0,2,1,7,-88,-88,6
570,Lesotho,2002,0,2,1,0,1182.7776770319,1937371,0,3. factional,2. multiple identity,1,1,1,7,8,0,8
570,,2003,,,,,,,,,,,5,2,7,8,0,8
570,,2004,,,,,,,,,,,0,0,7,8,0,8
570,,2005,,,,,,,,,,,0,0,7,8,0,8
571,,1995,,,,,,,,,,,2,2,7,7,0,7
571,,1996,,,,,,,,,,,0,0,7,7,0,7
571,,1997,,,,,,,,,,,1,0,7,8,0,8
571,,1998,,,,,,,,,,,0,0,7,8,0,8
571,,1999,,,,,,,,,,,0,0,7,8,0,8
571,,2000,,,,,,,,,,,2,1,7,8,0,8
571,,2001,,,,,,,,,,,0,0,7,8,0,8
571,,2002,,,,,,,,,,,1,0,7,8,0,8
571,,2003,,,,,,,,,,,1,0,7,8,0,8
571,,2004,,,,,,,,,,,6,1,7,8,0,8
571,,2005,,,,,,,,,,,2,1,7,8,0,8
572,Swaziland,1995,0,2,0,0,3570.1912428944,969227,0,2. suppressed,4. restricted,0,1,0,7,0,9,-9
572,Swaziland,1996,0,2,0,0,3613.1140438487,992083,0,2. suppressed,4. restricted,0,10,3,7,0,9,-9
572,Swaziland,1997,3,3,0,0,3660.0031558443,1016421,0,2. suppressed,4. restricted,0,8,2,7,0,9,-9
572,Swaziland,1998,4,4,0,0,3673.4450950799,1040587,0,2. suppressed,4. restricted,1,1,0,7,0,9,-9
572,,1999,,,,,,,,,,,0,0,7,0,9,-9
572,Swaziland,2000,3,3,1,0,4032.4151708813,1079690,0,1. repressed,4. restricted,0,5,0,7,0,9,-9
572,,2001,,,,,,,,,,,1,0,7,0,9,-9
572,,2002,,,,,,,,,,,3,0,7,0,9,-9
572,Swaziland,2003,9,8,0,0,4198.8240628293,1107886,0,1. repressed,4. restricted,1,4,0,7,0,9,-9
572,Swaziland,2004,2,1,0,0,4276.781552285,1115005,0,1. repressed,4. restricted,0,4,1,7,0,9,-9
572,Swaziland,2005,0,4,2,0,4334.6775678092,1124410,,1. repressed,4. restricted,0,6,0,7,0,9,-9
580,,1995,,,,,,,,,,,0,0,7,9,0,9
580,,1996,,,,,,,,,,,0,0,7,9,0,9
580,,1997,,,,,,,,,,,0,0,7,8,0,8
580,,1998,,,,,,,,,,,3,0,7,7,0,7
580,,1999,,,,,,,,,,,0,0,7,7,0,7
580,,2000,,,,,,,,,,,1,1,7,7,0,7
580,,2001,,,,,,,,,,,0,0,7,7,0,7
580,Madagascar,2002,14,9,3,0,793.9464010013,16189796,0,4. transitional,2. multiple identity,1,6,4,7,7,0,7
580,Madagascar,2003,1,1,0,0,847.1990741213,16656727,0,4. transitional,2. multiple identity,0,1,1,7,7,0,7
580,,2004,,,,,,,,,,,6,2,7,7,0,7
580,,2005,,,,,,,,,,,2,1,7,7,0,7
581,,1995,,,,,,,,,,,0,0,7,-77,-77,0
581,,1996,,,,,,,,,,,0,0,7,5,1,4
581,,1997,,,,,,,,,,,13,9,7,5,1,4
581,,1998,,,,,,,,,,,3,1,7,5,1,4
581,,1999,,,,,,,,,,,1,1,7,1,3,-2
581,,2000,,,,,,,,,,,4,1,7,1,2,-1
581,,2001,,,,,,,,,,,4,2,7,2,2,0
581,,2002,,,,,,,,,,,3,2,7,4,0,4
581,,2003,,,,,,,,,,,6,1,7,4,0,4
581,,2004,,,,,,,,,,,1,1,7,6,0,6
581,,2005,,,,,,,,,,,4,3,7,6,0,6
590,,1995,,,,,,,,,,,0,0,7,10,0,10
590,,1996,,,,,,,,,,,0,0,7,10,0,10
590,,1997,,,,,,,,,,,0,0,7,10,0,10
590,,1998,,,,,,,,,,,0,0,7,10,0,10
590,Mauritius,1999,2,2,0,0,8478.9216285947,1175267,0,5. competitive,5. regulated,0,2,2,7,10,0,10
590,Mauritius,2000,1,1,0,0,9153.8846926186,1186873,0,5. competitive,5. regulated,1,4,0,7,10,0,10
590,Mauritius,2001,8,2,2,0,9287.6744419467,1199881,0,5. competitive,5. regulated,0,0,0,7,10,0,10
590,Mauritius,2002,2,3,1,0,9403.116460977901,1210196,0,5. competitive,5. regulated,0,0,0,7,10,0,10
590,,2003,,,,,,,,,,,0,0,7,10,0,10
590,,2004,,,,,,,,,,,0,0,7,10,0,10
590,,2005,,,,,,,,,,,1,0,7,10,0,10
591,,1995,,,,,,,,,,,,,,,,
591,,1996,,,,,,,,,,,,,,,,
591,,1997,,,,,,,,,,,,,,,,
591,,1998,,,,,,,,,,,,,,,,
591,,1999,,,,,,,,,,,,,,,,
600,Morocco,1995,6,5,2,0,2584.741671059886,26950605,0,2. suppressed,4. restricted,0,0,0,6,0,7,-7
600,Morocco,1996,2,4,1,0,2858.138866268807,27345877,0,2. suppressed,4. restricted,0,0,0,6,0,7,-7
600,Morocco,1997,5,4,3,0,2755.041237981726,27732580,0,2. suppressed,4. restricted,1,0,0,6,0,7,-7
600,Morocco,1998,0,4,1,0,2925.565993400424,28109476,0,2. suppressed,3. sectarian,0,1,1,6,0,6,-6
600,Morocco,1999,5,6,1,0,2902.41894420302,28474559,0,2. suppressed,3. sectarian,0,0,0,6,0,6,-6
600,Morocco,2000,2,1,1,0,2911.264583709776,28827115,0,2. suppressed,3. sectarian,0,3,1,6,0,6,-6
600,Morocco,2001,6,4,1,0,3092.834010711751,29166464,0,2. suppressed,3. sectarian,0,0,0,6,0,6,-6
600,Morocco,2002,7,6,1,0,3157.482875082897,29495378,0,2. suppressed,3. sectarian,1,0,0,6,0,6,-6
600,Morocco,2003,11,3,2,0,3317.742957113594,29820777,0,2. suppressed,3. sectarian,0,0,0,6,0,6,-6
600,Morocco,2004,4,0,0,0,3436.361324116205,30151789,0,2. suppressed,3. sectarian,0,0,0,6,0,6,-6
600,Morocco,2005,12,5,2,0,3496.67817440601,30494991,,2. suppressed,3. sectarian,0,0,0,6,0,6,-6
608,,2000,1,0,0,,,,,,,0,,,,,,
615,Algeria,1995,4,4,1,0,5631.1451972222,28265291,1,3. factional,3. sectarian,1,0,0,6,1,4,-3
615,Algeria,1996,3,2,0,0,5761.2125832191,28759876,1,3. factional,3. sectarian,0,0,0,6,1,4,-3
615,Algeria,1997,3,4,1,0,5733.717075053,29215667,1,3. factional,3. sectarian,1,1,0,6,1,4,-3
615,Algeria,1998,4,3,1,0,5938.5858223726,29646386,1,3. factional,3. sectarian,0,1,1,6,1,4,-3
615,Algeria,1999,3,3,1,0,6041.9628479997,30071594,1,3. factional,3. sectarian,1,1,0,6,1,4,-3
615,Algeria,2000,2,1,1,0,6086.9448073625,30506054,1,3. factional,3. sectarian,0,0,0,6,1,4,-3
615,Algeria,2001,3,4,1,0,6154.7710999954,30954289,1,3. factional,3. sectarian,0,6,3,6,1,4,-3
615,Algeria,2002,1,1,1,0,6349.7207242394,31414114,0,3. factional,3. sectarian,1,0,0,6,1,4,-3
615,Algeria,2003,1,1,1,0,6687.5155604415,31885435,0,3. factional,3. sectarian,0,0,0,6,1,4,-3
615,Algeria,2004,1,0,0,0,6930.7809433716,32366125,0,3. factional,3. sectarian,1,0,0,6,3,1,2
615,Algeria,2005,3,2,1,0,7175.9642740297,32854535,,3. factional,3. sectarian,0,0,0,6,3,1,2
616,Tunisia,1995,13,12,11,1,4422.2537014372,8957500,0,3. factional,3. sectarian,0,0,0,6,1,4,-3
616,Tunisia,1996,17,13,7,1,4669.5638883056,9089300,0,3. factional,3. sectarian,0,0,0,6,1,4,-3
616,Tunisia,1997,20,14,4,1,4856.4699201386,9215000,0,3. factional,3. sectarian,0,0,0,6,1,4,-3
616,Tunisia,1998,10,8,4,1,5024.2912420292,9333300,0,3. factional,3. sectarian,0,0,0,6,1,4,-3
616,Tunisia,1999,5,4,2,1,5259.3753521199,9455900,0,3. factional,3. sectarian,0,0,0,6,1,4,-3
616,Tunisia,2000,10,10,5,1,5444.3649125731,9563500,0,3. factional,3. sectarian,0,1,1,6,1,4,-3
616,Tunisia,2001,13,10,2,1,5647.4623872665,9673600,0,3. factional,3. sectarian,0,0,0,6,1,4,-3
616,Tunisia,2002,9,11,10,1,5677.2993468892,9781900,0,3. factional,3. sectarian,0,0,0,6,1,5,-4
616,Tunisia,2003,2,3,3,1,5957.7158960393,9839800,0,3. factional,3. sectarian,0,0,0,6,1,5,-4
616,Tunisia,2004,3,6,2,1,6258.5815523887,9932400,0,3. factional,3. sectarian,0,0,0,6,1,5,-4
616,Tunisia,2005,4,4,2,1,6444.8141577734,10029000,,3. factional,3. sectarian,1,0,0,6,1,5,-4
620,Libyan Arab Jamahiriya,1995,1,2,2,0,,4834163,0,1. repressed,4. restricted,0,0,0,6,0,7,-7
620,Libyan Arab Jamahiriya,1996,2,0,0,0,,4931620,0,1. repressed,4. restricted,0,1,0,6,0,7,-7
620,Libyan Arab Jamahiriya,1997,3,1,3,0,,5031470,0,1. repressed,4. restricted,0,0,0,6,0,7,-7
620,Libyan Arab Jamahiriya,1998,1,2,0,0,,5133872,0,1. repressed,4. restricted,0,0,0,6,0,7,-7
620,Libyan Arab Jamahiriya,1999,1,2,0,0,12154.5385925473,5238843,0,1. repressed,4. restricted,0,0,0,6,0,7,-7
620,Libyan Arab Jamahiriya,2000,2,1,0,0,12350.7462612474,5346375,0,1. repressed,4. restricted,0,0,0,6,0,7,-7
620,Libyan Arab Jamahiriya,2001,0,1,0,0,11581.0476393523,5456532,0,1. repressed,4. restricted,0,0,0,6,0,7,-7
620,Libyan Arab Jamahiriya,2002,3,5,3,0,11198.9029276839,5569372,0,1. repressed,4. restricted,0,0,0,6,0,7,-7
620,Libyan Arab Jamahiriya,2003,2,3,1,0,12397.7877409556,5684810,0,1. repressed,4. restricted,0,0,0,6,0,7,-7
620,Libyan Arab Jamahiriya,2004,5,6,3,0,12680.3292790733,5802700,0,1. repressed,4. restricted,0,0,0,6,0,7,-7
620,Libyan Arab Jamahiriya,2005,1,1,0,0,13653.0263279018,5922832,,1. repressed,4. restricted,0,0,0,6,0,7,-7
625,Sudan,1995,8,15,4,0,1098.6635570025,30841262,1,1. repressed,4. restricted,0,1,1,6,0,7,-7
625,Sudan,1996,9,5,1,0,1133.9807798587,31649405,1,1. repressed,4. restricted,0,1,1,6,0,7,-7
625,Sudan,1997,12,5,0,0,1222.032149365,32472304,1,1. repressed,4. restricted,0,0,0,6,0,7,-7
625,Sudan,1998,7,7,4,0,1243.0691166708,33298155,1,1. repressed,4. restricted,0,0,0,6,0,7,-7
625,Sudan,1999,11,12,3,0,1251.0805236647,34111916,1,1. repressed,4. restricted,0,0,0,6,0,7,-7
625,Sudan,2000,8,5,6,0,1325.1420199121,34903970,1,1. repressed,4. restricted,0,0,0,6,0,7,-7
625,Sudan,2001,8,6,4,0,1376.7423007871,35667097,1,1. repressed,4. restricted,0,0,0,6,0,7,-7
625,Sudan,2002,14,12,6,0,1421.069177986,36406858,1,2. suppressed,4. restricted,0,0,0,6,0,6,-6
625,Sudan,2003,22,22,10,1,1492.4593515137,37142156,0,2. suppressed,4. restricted,0,0,0,6,0,6,-6
625,Sudan,2004,50,75,17,1,1537.4199768769,37899766,1,2. suppressed,4. restricted,0,0,0,6,0,6,-6
625,Sudan,2005,11,11,5,0,1600.9781063958,38698472,,2. suppressed,3. sectarian,0,2,2,6,0,4,-4
630,Iran,1995,1,1,1,0,6820.3894279076,58954000,0,2. suppressed,4. restricted,0,1,1,6,0,6,-6
630,Iran,1996,3,4,3,0,7191.8044092168,59879344,0,2. suppressed,4. restricted,1,0,0,6,0,6,-6
630,Iran,1997,4,5,5,0,7322.5364264028,60800910.24886677,0,3. factional,3. sectarian,1,0,0,6,4,1,3
630,Iran,1998,7,5,3,0,7395.7065013976,61849186.15937709,0,3. factional,3. sectarian,0,5,1,6,4,1,3
630,Iran,1999,6,12,5,0,7413.333285619,62895335.93112758,0,3. factional,3. sectarian,0,4,2,6,4,1,3
630,Iran,2000,4,5,3,0,7667.425518109,63938646.16895086,0,3. factional,3. sectarian,1,5,3,6,4,1,3
630,Iran,2001,5,6,3,0,7821.6026878167,64978394.28611276,0,3. factional,3. sectarian,1,5,3,6,4,1,3
630,Iran,2002,5,5,2,0,8277.5362535649,66013857.35353982,0,3. factional,3. sectarian,0,8,0,6,4,1,3
630,Iran,2003,5,7,4,0,8730.184305594599,67044288.96288647,0,3. factional,3. sectarian,0,2,2,6,4,1,3
630,Iran,2004,6,10,7,0,9035.932929192501,68068943.75403453,0,2. suppressed,3. sectarian,1,0,0,6,0,6,-6
630,Iran,2005,9,7,3,0,9314.3828456877,69087070.4615656,,2. suppressed,3. sectarian,1,3,1,6,0,6,-6
640,Turkey,1995,67,125,70,1,8378.1147675671,61206099,1,4. transitional,3. sectarian,1,1,1,6,9,1,8
640,Turkey,1996,65,130,80,1,8843.409005282299,62264906,1,4. transitional,3. sectarian,0,3,1,6,9,1,8
640,Turkey,1997,48,54,25,1,9353.261971566801,63331833,1,3. factional,3. sectarian,0,4,0,6,8,1,7
640,Turkey,1998,43,54,22,1,9411.0749530375,64395635,0,3. factional,3. sectarian,0,3,0,6,8,1,7
640,Turkey,1999,51,76,24,1,8948.993996975199,65441666,0,3. factional,3. sectarian,1,3,3,6,8,1,7
640,Turkey,2000,64,82,44,1,9408.8890747442,66459577.99999999,0,3. factional,3. sectarian,1,2,0,6,8,1,7
640,Turkey,2001,68,82,42,1,8743.2955975324,67444118,0,3. factional,3. sectarian,0,5,2,6,8,1,7
640,Turkey,2002,28,24,15,1,9152.7499722497,68398135,0,3. factional,3. sectarian,1,0,0,6,8,1,7
640,Turkey,2003,14,15,5,1,9505.241443504399,69329456,0,3. factional,3. sectarian,0,0,0,6,8,1,7
640,Turkey,2004,17,12,10,0,10258.9568545652,70250173,0,3. factional,3. sectarian,0,0,0,6,8,1,7
640,Turkey,2005,7,3,2,0,10977.2934588065,71169037,,3. factional,3. sectarian,0,1,0,6,8,1,7
645,Iraq,1995,0,3,7,0,,21587514,0,1. repressed,4. restricted,1,1,1,6,0,9,-9
645,Iraq,1996,0,3,0,0,,22249811.9211723,0,1. repressed,4. restricted,1,0,0,6,0,9,-9
645,Iraq,1997,0,4,0,0,,22932428.9275522,0,1. repressed,4. restricted,0,0,0,6,0,9,-9
645,,1998,,,,,,,,,,,0,0,6,0,9,-9
645,Iraq,1999,2,4,13,0,,24361132.852872,0,1. repressed,4. restricted,0,0,0,6,0,9,-9
645,Iraq,2000,1,2,2,0,,25108524.5,0,1. repressed,4. restricted,1,0,0,6,0,9,-9
645,Iraq,2001,1,4,4,0,,25748668.5757017,0,1. repressed,4. restricted,0,0,0,6,0,9,-9
645,Iraq,2002,0,0,0,0,,26405133.1818135,0,1. repressed,4. restricted,0,1,0,6,0,9,-9
645,Iraq,2003,2,1,0,0,,27078334.4117167,0,,,0,8,0,6,-66,-66,
645,Iraq,2004,1,1,1,0,,27768698.9671301,0,,,0,7,1,6,-66,-66,
645,Iraq,2005,2,6,6,0,,28476664.42857143,,,,1,14,2,6,-66,-66,
651,Egypt,1995,5,10,13,0,3405.377488411,63857698,0,2. suppressed,4. restricted,1,0,0,6,0,6,-6
651,Egypt,1996,5,8,8,0,3508.3467920218,65075676,0,2. suppressed,4. restricted,0,0,0,6,0,6,-6
651,Egypt,1997,13,9,9,0,3631.9484082796,66312818,0,2. suppressed,4. restricted,0,0,0,6,0,6,-6
651,Egypt,1998,5,9,10,0,3708.0621535805,67573331,0,2. suppressed,4. restricted,1,0,0,6,0,6,-6
651,Egypt,1999,7,8,5,0,3860.951908195,68859787,0,2. suppressed,4. restricted,1,0,0,6,0,6,-6
651,Egypt,2000,10,9,5,0,3992.0307421414,70173793,0,2. suppressed,4. restricted,1,1,1,6,0,6,-6
651,Egypt,2001,23,22,17,0,4055.454368937,71518343,0,2. suppressed,4. restricted,1,0,0,6,0,6,-6
651,Egypt,2002,31,23,24,0,4073.2387748267,72894015,0,2. suppressed,4. restricted,0,3,0,6,0,6,-6
651,Egypt,2003,23,15,5,0,4124.4856470981,74296319,0,2. suppressed,4. restricted,0,0,0,6,0,6,-6
651,Egypt,2004,4,4,4,0,4212.1296790699,75718360,0,2. suppressed,4. restricted,1,3,0,6,0,6,-6
651,Egypt,2005,5,3,3,0,4318.8511945324,77154409,,3. factional,3. sectarian,1,6,0,6,1,4,-3
652,Syria,1995,5,3,5,0,3759.225512477,14610348,0,1. repressed,4. restricted,0,0,0,6,0,9,-9
652,Syria,1996,14,2,8,0,3829.4891137139,14973337,0,1. repressed,4. restricted,0,0,0,6,0,9,-9
652,Syria,1997,9,3,8,0,3806.7897813466,15333748,0,1. repressed,4. restricted,0,0,0,6,0,9,-9
652,Syria,1998,12,6,7,0,3953.1695577269,15701721,0,1. repressed,4. restricted,1,0,0,6,0,9,-9
652,Syria,1999,21,6,9,0,3720.5208442133,16090692,0,1. repressed,4. restricted,1,0,0,6,0,9,-9
652,Syria,2000,12,7,9,0,3725.292537609,16510861,0,1. repressed,4. restricted,1,0,0,6,0,7,-7
652,Syria,2001,21,20,16,0,3815.1019013404,16960693,0,1. repressed,4. restricted,0,0,0,6,0,7,-7
652,Syria,2002,23,11,16,0,3857.4127391386,17438241,0,1. repressed,4. restricted,0,0,0,6,0,7,-7
652,Syria,2003,27,19,22,0,3808.4773175315,17951881,0,1. repressed,4. restricted,1,0,0,6,0,7,-7
652,Syria,2004,50,29,30,0,3908.4434434751,18511689,0,1. repressed,4. restricted,0,3,1,6,0,7,-7
652,Syria,2005,35,19,17,0,3954.1886927813,19121454,,1. repressed,4. restricted,0,0,0,6,0,7,-7
660,,1995,,,,,,,,,,,0,0,6,-66,-66,
660,,1996,,,,,,,,,,,0,0,6,-66,-66,
660,,1997,,,,,,,,,,,1,0,6,-66,-66,
660,,1998,,,,,,,,,,,0,0,6,-66,-66,
660,,1999,,,,,,,,,,,0,0,6,-66,-66,
660,,2000,,,,,,,,,,,2,0,6,-66,-66,
660,Lebanon,2001,4,5,4,0,8757.0222867541,3832988,0,,,0,1,0,6,-66,-66,
660,Lebanon,2002,6,11,12,0,8900.0848103635,3898617,0,,,0,5,0,6,-66,-66,
660,Lebanon,2003,6,10,10,0,9033.4293469718,3965419,0,,,0,0,0,6,-66,-66,
660,Lebanon,2004,1,3,1,0,9558.8182431528,4027730,0,,,0,1,1,6,-66,-66,
660,Lebanon,2005,0,0,0,0,9526.706706294501,4081594,,3. factional,3. sectarian,1,7,0,6,8,1,7
663,Jordan,1995,0,4,4,0,3517.9234233432,4195000,0,4. transitional,2. multiple identity,0,0,0,6,2,4,-2
663,Jordan,1996,3,4,5,0,3483.3751928778,4325045,0,4. transitional,2. multiple identity,0,1,1,6,2,4,-2
663,Jordan,1997,1,4,3,0,3490.3900378598,4459121.395,0,4. transitional,2. multiple identity,1,2,0,6,2,4,-2
663,Jordan,1998,2,9,8,0,3487.3878130035,4597400,0,4. transitional,2. multiple identity,0,0,0,6,2,4,-2
663,Jordan,1999,0,1,0,0,3541.6287322237,4680500,0,4. transitional,2. multiple identity,0,0,0,6,2,4,-2
663,Jordan,2000,1,5,4,0,3601.9170786985,4797500,0,4. transitional,2. multiple identity,0,0,0,6,2,4,-2
663,Jordan,2001,2,6,7,0,3699.1849463599,4917500,0,4. transitional,2. multiple identity,0,0,0,6,2,4,-2
663,Jordan,2002,6,7,5,0,3819.6151549291,5038000,0,4. transitional,2. multiple identity,0,0,0,6,2,4,-2
663,Jordan,2003,2,2,2,0,3882.1102497085,5164000,0,4. transitional,2. multiple identity,1,0,0,6,2,4,-2
663,Jordan,2004,1,4,3,0,4113.9978954916,5290000,0,4. transitional,2. multiple identity,0,0,0,6,2,4,-2
663,Jordan,2005,3,4,4,0,4348.2385665817,5411500,,4. transitional,2. multiple identity,0,0,0,6,2,4,-2
666,Israel,1995,16,19,20,0,20563.3867807431,5545000,0,4. transitional,2. multiple identity,0,,,,9,0,9
666,Israel,1996,9,15,18,0,21160.0918764999,5692000,0,4. transitional,2. multiple identity,0,,,,9,0,9
666,Israel,1997,14,14,19,1,21229.4395848891,5836000,0,4. transitional,2. multiple identity,0,,,,9,0,9
666,Israel,1998,15,13,18,1,21637.0912256212,5971000,0,4. transitional,2. multiple identity,0,,,,9,0,9
666,Israel,1999,10,11,13,1,21789.2791874854,6125000,0,5. competitive,5. regulated,0,,,,10,0,10
666,Israel,2000,14,20,12,1,23172.6634262299,6289000,0,5. competitive,5. regulated,0,,,,10,0,10
666,Israel,2001,5,8,7,1,22623.2336368564,6439000,0,5. competitive,5. regulated,1,,,,10,0,10
666,Israel,2002,15,9,6,1,22024.7278669485,6570000,0,5. competitive,5. regulated,0,,,,10,0,10
666,Israel,2003,6,6,4,1,21957.5984985726,6689700,0,5. competitive,5. regulated,1,,,,10,0,10
666,Israel,2004,0,5,1,1,22651.1694318463,6809000,0,5. competitive,5. regulated,0,,,,10,0,10
666,Israel,2005,1,1,1,1,23390.1117899035,6930100,,5. competitive,5. regulated,0,,,,10,0,10
670,Saudi Arabia,1995,1,3,0,0,19638.7980716843,18271615.87108741,0,1. repressed,4. restricted,0,0,0,6,0,10,-10
670,Saudi Arabia,1996,4,6,4,0,19800.8860985463,18735263.65917559,0,1. repressed,4. restricted,0,0,0,6,0,10,-10
670,Saudi Arabia,1997,3,4,2,0,19811.5325225548,19210676.65034794,0,1. repressed,4. restricted,0,0,0,6,0,10,-10
670,Saudi Arabia,1998,4,5,3,0,19868.9233788073,19698153.39019695,0,1. repressed,4. restricted,0,0,0,6,0,10,-10
670,Saudi Arabia,1999,2,6,2,0,19232.1799953925,20198000,0,1. repressed,4. restricted,0,0,0,6,0,10,-10
670,Saudi Arabia,2000,6,8,3,0,19731.9170434218,20644120.99689864,0,1. repressed,4. restricted,0,0,0,6,0,10,-10
670,Saudi Arabia,2001,5,5,4,0,19411.1946868138,21100095.63989462,0,1. repressed,4. restricted,0,0,0,6,0,10,-10
670,Saudi Arabia,2002,5,4,5,0,19016.0364950139,21566141.57026033,0,1. repressed,4. restricted,0,0,0,6,0,10,-10
670,Saudi Arabia,2003,8,7,5,0,20030.0778204664,22042481.23639469,0,1. repressed,4. restricted,0,3,0,6,0,10,-10
670,Saudi Arabia,2004,5,3,2,0,20629.3960059724,22529342,0,1. repressed,4. restricted,0,1,0,6,0,10,-10
670,Saudi Arabia,2005,2,1,1,0,21219.7108205706,23118994,,1. repressed,4. restricted,0,0,0,6,0,10,-10
678,,1995,,,,,,,,,,,,,,,,
678,,1996,,,,,,,,,,,,,,,,
678,,1997,,,,,,,,,,,,,,,,
678,,1998,,,,,,,,,,,,,,,,
678,,1999,,,,,,,,,,,,,,,,
679,Yemen,1995,3,8,1,0,1849.557906443,15522959,0,3. factional,3. sectarian,0,2,0,6,1,3,-2
679,Yemen,1996,3,12,2,0,1890.8976509649,16100966,0,3. factional,3. sectarian,0,1,1,6,1,3,-2
679,Yemen,1997,5,15,2,1,1975.3177057065,16638608,0,3. factional,3. sectarian,1,1,0,6,1,3,-2
679,Yemen,1998,2,4,2,1,2040.3942151262,17150274,0,3. factional,3. sectarian,0,1,1,6,1,3,-2
679,Yemen,1999,3,3,6,1,2035.9273685227,17658898,0,3. factional,3. sectarian,1,0,0,6,1,3,-2
679,Yemen,2000,1,0,0,1,2064.3869327826,18181733,0,3. factional,3. sectarian,0,0,0,6,1,3,-2
679,Yemen,2001,1,0,0,1,2097.0401653185,18721960,0,3. factional,3. sectarian,0,1,0,6,1,3,-2
679,Yemen,2002,4,1,1,1,2116.2660026596,19275398,0,3. factional,3. sectarian,0,1,0,6,1,3,-2
679,Yemen,2003,2,1,2,1,2119.4124801023,19843432,0,3. factional,3. sectarian,1,1,1,6,1,3,-2
679,Yemen,2004,3,1,3,0,2140.7489767236,20426158,0,3. factional,3. sectarian,0,1,0,6,1,3,-2
679,Yemen,2005,3,0,1,0,2196.1922237466,21023692,,3. factional,3. sectarian,0,3,1,6,1,3,-2
690,,1995,,,,,,,,,,,0,0,6,0,7,-7
690,Kuwait,1996,0,0,0,0,35987.2699602692,1894000,0,2. suppressed,4. restricted,1,0,0,6,0,7,-7
690,Kuwait,1997,0,1,0,0,35275.6085579387,1980000,0,2. suppressed,4. restricted,0,0,0,6,0,7,-7
690,,1998,,,,,,,,,,,0,0,6,0,7,-7
690,Kuwait,1999,0,0,0,0,33748.5467392988,2107000,0,2. suppressed,4. restricted,1,1,1,6,0,7,-7
690,,2000,,,,,,,,,,,1,0,6,0,7,-7
690,Kuwait,2001,0,0,0,0,32962.2656468156,2275000,0,2. suppressed,4. restricted,0,0,0,6,0,7,-7
690,Kuwait,2002,1,1,2,0,33079.8714303129,2334919.261691034,0,2. suppressed,4. restricted,0,0,0,6,0,7,-7
690,Kuwait,2003,0,0,1,0,37813.3714052727,2396416.685105848,0,2. suppressed,4. restricted,1,0,0,6,0,7,-7
690,Kuwait,2004,1,0,0,0,40600.9810861431,2459533.836084141,0,2. suppressed,4. restricted,0,0,0,6,0,7,-7
690,Kuwait,2005,0,0,0,0,43560.2217232933,2535446.05575407,,2. suppressed,4. restricted,0,1,0,6,0,7,-7
692,,1995,,,,,,,,,,,0,0,6,0,9,-9
692,,1996,,,,,,,,,,,4,2,6,0,9,-9
692,,1997,,,,,,,,,,,0,0,6,0,9,-9
692,,1998,,,,,,,,,,,0,0,6,0,9,-9
692,,1999,,,,,,,,,,,0,0,6,0,9,-9
692,,2000,,,,,,,,,,,1,0,6,0,9,-9
692,,2001,,,,,,,,,,,0,0,6,0,8,-8
692,,2002,,,,,,,,,,,0,0,6,0,7,-7
692,,2003,,,,,,,,,,,1,1,6,0,7,-7
692,,2004,,,,,,,,,,,0,0,6,0,7,-7
692,,2005,,,,,,,,,,,2,0,6,0,7,-7
694,,1995,,,,,,,,,,,0,0,6,0,10,-10
694,Qatar,1996,2,0,0,0,,537527,0,1. repressed,4. restricted,0,0,0,6,0,10,-10
694,Qatar,1997,0,0,0,0,,551277,0,1. repressed,4. restricted,0,0,0,6,0,10,-10
694,Qatar,1998,0,1,0,0,,568177,0,1. repressed,4. restricted,0,0,0,6,0,10,-10
694,Qatar,1999,0,1,0,0,,589575,0,1. repressed,4. restricted,0,0,0,6,0,10,-10
694,Qatar,2000,0,1,0,0,62161.1617681163,616817,0,1. repressed,4. restricted,0,0,0,6,0,10,-10
694,Qatar,2001,0,1,1,0,61113.3920692141,648270,0,1. repressed,4. restricted,0,1,0,6,0,10,-10
694,Qatar,2002,1,1,3,0,62005.5641861066,684521,0,1. repressed,4. restricted,0,0,0,6,0,10,-10
694,Qatar,2003,0,0,1,0,60047.4646020916,731512,0,1. repressed,4. restricted,0,0,0,6,0,10,-10
694,,2004,,,,,,,,,,,0,0,6,0,10,-10
694,,2005,,,,,,,,,,,0,0,6,0,10,-10
696,United Arab Emirates,1995,0,0,0,0,46167.9164475355,2431533,0,1. repressed,4. restricted,0,0,0,6,0,8,-8
696,United Arab Emirates,1996,1,1,2,0,46272.2097098393,2575697,0,1. repressed,4. restricted,0,0,0,6,0,8,-8
696,United Arab Emirates,1997,1,1,2,0,46547.5696617835,2730920,0,1. repressed,4. restricted,0,0,0,6,0,8,-8
696,United Arab Emirates,1998,1,1,1,0,45782.7181065716,2895067,0,1. repressed,4. restricted,0,0,0,6,0,8,-8
696,,1999,,,,,,,,,,,0,0,6,0,8,-8
696,,2000,,,,,,,,,,,0,0,6,0,8,-8
696,United Arab Emirates,2001,1,1,1,0,43064.4691447451,3413651,0,1. repressed,4. restricted,0,0,0,6,0,8,-8
696,United Arab Emirates,2002,4,2,1,0,42004.0430609994,3590827,0,1. repressed,4. restricted,0,0,0,6,0,8,-8
696,,2003,,,,,,,,,,,0,0,6,0,8,-8
696,United Arab Emirates,2004,0,0,1,0,47078.4065668169,3932788,0,1. repressed,4. restricted,0,0,0,6,0,8,-8
696,United Arab Emirates,2005,1,1,2,0,48992.436983207,4089032,,1. repressed,4. restricted,0,1,0,6,0,8,-8
698,,1995,,,,,,,,,,,0,0,6,0,9,-9
698,,1996,,,,,,,,,,,0,0,6,0,9,-9
698,,1997,,,,,,,,,,,0,0,6,0,9,-9
698,Oman,1998,1,1,0,0,17470.799162545,2318235,0,1. repressed,4. restricted,0,0,0,6,0,9,-9
698,Oman,1999,1,1,0,0,17136.3650838659,2360528,0,1. repressed,4. restricted,0,0,0,6,0,9,-9
698,,2000,,,,,,,,,,,0,0,6,0,9,-9
698,Oman,2001,1,1,1,0,18755.2600550556,2443347,0,1. repressed,4. restricted,0,0,0,6,0,9,-9
698,Oman,2002,1,1,1,0,18921.4775218925,2484085,0,2. suppressed,4. restricted,0,0,0,6,0,8,-8
698,,2003,,,,,,,,,,,0,0,6,0,8,-8
698,,2004,,,,,,,,,,,0,0,6,0,8,-8
698,Oman,2005,1,0,0,0,19533.3404913161,2617833,,2. suppressed,4. restricted,0,0,0,6,0,8,-8
700,,1995,,,,,,,,,,,0,0,5,-77,-77,0
700,Afghanistan,1996,2,15,1,0,,21312543.7221191,1,1. repressed,4. restricted,0,0,0,5,0,7,-7
700,Afghanistan,1997,7,9,0,0,,21869752.2846081,1,1. repressed,4. restricted,0,1,0,5,0,7,-7
700,Afghanistan,1998,4,7,1,0,,22441528.8586004,1,1. repressed,4. restricted,0,1,0,5,0,7,-7
700,Afghanistan,1999,2,9,5,0,,23028254.3193616,1,1. repressed,4. restricted,0,0,0,5,0,7,-7
700,Afghanistan,2000,1,1,0,0,,23630319.5,1,1. repressed,4. restricted,0,0,0,5,0,7,-7
700,Afghanistan,2001,3,2,0,0,,24232218.6991618,0,,,0,0,0,5,-66,-66,
700,Afghanistan,2002,5,3,1,0,628.4073979846,24849449.1614474,0,,,0,1,1,5,-66,-66,
700,Afghanistan,2003,2,2,0,0,700.5413074664,25482401.3968113,0,,,0,0,0,5,-66,-66,
700,Afghanistan,2004,2,2,0,0,747.6206976273,26131475.8620745,0,,,1,0,0,5,-66,-66,
700,,2005,,,,,,,,,,,2,0,5,-66,-66,
701,Turkmenistan,1995,1,7,0,0,2047.1154223051,4187416,0,1. repressed,4. restricted,0,1,0,5,0,9,-9
701,Turkmenistan,1996,1,4,0,0,1875.3925515341,4264596,0,1. repressed,4. restricted,0,0,0,5,0,9,-9
701,Turkmenistan,1997,2,5,1,0,1638.5286970386,4329519,0,1. repressed,4. restricted,0,0,0,5,0,9,-9
701,Turkmenistan,1998,4,9,3,0,1725.562448065,4386594,0,1. repressed,4. restricted,0,0,0,5,0,9,-9
701,Turkmenistan,1999,3,6,3,1,1984.2777291919,4442394,0,1. repressed,4. restricted,1,0,0,5,0,9,-9
701,Turkmenistan,2000,10,8,8,1,2322.1978165474,4501727,0,1. repressed,4. restricted,0,0,0,5,0,9,-9
701,Turkmenistan,2001,3,4,3,1,2757.2001728973,4565962,0,1. repressed,4. restricted,0,0,0,5,0,9,-9
701,Turkmenistan,2002,23,12,6,0,3146.1386811734,4633736,0,1. repressed,4. restricted,0,0,0,5,0,9,-9
701,Turkmenistan,2003,18,10,1,1,3629.2055346798,4703861,0,1. repressed,4. restricted,0,0,0,5,0,9,-9
701,Turkmenistan,2004,4,6,1,1,4190.7677518261,4774194,0,1. repressed,4. restricted,0,0,0,5,0,9,-9
701,Turkmenistan,2005,4,2,0,0,4668.1076385163,4843187,,1. repressed,4. restricted,1,0,0,5,0,9,-9
702,Tajikistan,1995,0,1,2,0,1069.3610669092,5775467,0,2. suppressed,4. restricted,1,1,0,5,0,6,-6
702,Tajikistan,1996,0,2,1,0,878.1709899335,5858378,0,2. suppressed,4. restricted,0,8,1,5,0,6,-6
702,Tajikistan,1997,0,1,1,0,880.734923726,5940626,0,2. suppressed,3. sectarian,0,2,0,5,0,5,-5
702,Tajikistan,1998,1,3,3,0,914.9743077191,6021392,0,3. factional,3. sectarian,0,0,0,5,2,3,-1
702,Tajikistan,1999,1,1,2,0,936.7432731756001,6099075,0,3. factional,3. sectarian,1,0,0,5,2,3,-1
702,Tajikistan,2000,3,2,1,0,1002.361564393,6172891,0,3. factional,3. sectarian,1,0,0,5,2,3,-1
702,Tajikistan,2001,6,6,2,0,1092.2344792802,6242790,0,3. factional,3. sectarian,0,0,0,5,2,3,-1
702,Tajikistan,2002,1,4,3,0,1178.8358002457,6310533,0,3. factional,3. sectarian,0,0,0,5,2,3,-1
702,Tajikistan,2003,2,2,2,0,1285.0711629161,6379311,0,3. factional,3. sectarian,0,0,0,5,1,4,-3
702,Tajikistan,2004,6,15,6,0,1404.9962573397,6453286,0,3. factional,3. sectarian,0,0,0,5,1,4,-3
702,Tajikistan,2005,1,1,1,0,1480.263925776,6535538,,3. factional,3. sectarian,1,0,0,5,1,4,-3
703,,1995,,,,,,,,,,,0,0,5,1,4,-3
703,Kyrgyzstan,1996,3,3,0,0,1291.6337748835,4657000,0,2. suppressed,3. sectarian,0,0,0,5,1,4,-3
703,Kyrgyzstan,1997,0,2,0,0,1399.2697567241,4725000,0,2. suppressed,3. sectarian,0,0,0,5,1,4,-3
703,,1998,,,,,,,,,,,2,0,5,1,4,-3
703,Kyrgyzstan,1999,1,1,0,0,1438.6935592251,4864600,0,2. suppressed,3. sectarian,0,0,0,5,1,4,-3
703,Kyrgyzstan,2000,4,4,1,0,1501.3576883326,4915300,0,2. suppressed,3. sectarian,1,5,1,5,1,4,-3
703,Kyrgyzstan,2001,0,1,0,0,1568.7298803058,4954800,0,2. suppressed,3. sectarian,0,2,0,5,1,4,-3
703,Kyrgyzstan,2002,2,1,0,0,1556.3954986027,4993200,0,2. suppressed,3. sectarian,0,14,1,5,1,4,-3
703,Kyrgyzstan,2003,1,1,0,0,1650.8049871863,5038600,0,2. suppressed,3. sectarian,0,0,0,5,1,4,-3
703,Kyrgyzstan,2004,1,0,0,0,1748.000874472,5092802,0,2. suppressed,3. sectarian,0,1,0,5,1,4,-3
703,Kyrgyzstan,2005,1,2,0,1,1727.7329949175,5143500,,0. not applicable,1. unregulated,1,13,6,5,3,0,3
704,Uzbekistan,1995,8,9,6,0,1461.7516140832,22785000,0,1. repressed,4. restricted,1,1,0,5,0,9,-9
704,Uzbekistan,1996,4,4,2,0,1458.4375761396,23225000,0,1. repressed,4. restricted,0,0,0,5,0,9,-9
704,Uzbekistan,1997,9,6,3,0,1505.6225024949,23667000,0,1. repressed,4. restricted,0,0,0,5,0,9,-9
704,Uzbekistan,1998,14,9,9,0,1545.2917209474,24051000,0,1. repressed,4. restricted,0,0,0,5,0,9,-9
704,Uzbekistan,1999,36,30,23,1,1588.6861090684,24400000,0,1. repressed,4. restricted,1,0,0,5,0,9,-9
704,Uzbekistan,2000,33,25,15,1,1632.3314734928,24650000,0,1. repressed,4. restricted,1,0,0,5,0,9,-9
704,Uzbekistan,2001,29,34,18,1,1679.2936114112,24967000,0,1. repressed,4. restricted,0,1,0,5,0,9,-9
704,Uzbekistan,2002,22,24,19,1,1725.4014569579,25271800,0,1. repressed,4. restricted,0,2,0,5,0,9,-9
704,Uzbekistan,2003,26,34,28,1,1777.0612359589,25567700,0,1. repressed,4. restricted,0,3,0,5,0,9,-9
704,Uzbekistan,2004,18,22,15,1,1891.9409856452,25864386,0,1. repressed,4. restricted,0,6,1,5,0,9,-9
704,Uzbekistan,2005,19,22,12,1,2000.937288647,26167369,,1. repressed,4. restricted,1,13,2,5,0,9,-9
705,Kazakhstan,1995,2,2,1,0,4499.3620024035,15815626.38215762,0,3. factional,3. sectarian,1,2,0,5,1,5,-4
705,Kazakhstan,1996,4,3,3,0,4590.866284654,15577894.25692703,0,3. factional,3. sectarian,0,6,0,5,1,5,-4
705,Kazakhstan,1997,6,6,2,0,4743.2640271004,15333703.0400357,0,3. factional,3. sectarian,0,11,2,5,1,5,-4
705,Kazakhstan,1998,8,7,4,0,4734.1567881551,15071300.12507216,0,3. factional,3. sectarian,0,5,0,5,1,5,-4
705,Kazakhstan,1999,6,6,4,0,4908.5111685741,14928425.8540544,0,3. factional,3. sectarian,1,5,0,5,1,5,-4
705,Kazakhstan,2000,8,10,6,0,5405.7772882349,14883600,0,3. factional,3. sectarian,0,1,0,5,1,5,-4
705,Kazakhstan,2001,5,5,4,0,6146.0045544606,14858300,0,3. factional,3. sectarian,0,0,0,5,1,5,-4
705,Kazakhstan,2002,1,2,2,0,6748.0405050006,14858900,0,2. suppressed,3. sectarian,0,1,0,5,0,6,-6
705,Kazakhstan,2003,3,2,1,0,7350.8233786512,14909000,0,2. suppressed,3. sectarian,0,1,0,5,0,6,-6
705,Kazakhstan,2004,0,0,0,0,8000.6923749105,15013000,0,2. suppressed,3. sectarian,1,6,0,5,0,6,-6
705,Kazakhstan,2005,1,0,0,0,8699.1147357966,15147000,,2. suppressed,3. sectarian,1,3,0,5,0,6,-6
710,China,1995,35,50,44,1,1846.8904253755,1204855000,0,1. repressed,4. restricted,0,0,0,5,0,7,-7
710,China,1996,35,30,29,1,2010.3968459713,1217550000,0,1. repressed,4. restricted,0,0,0,5,0,7,-7
710,China,1997,32,41,32,1,2174.9895226185,1230075000,0,1. repressed,4. restricted,0,4,1,5,0,7,-7
710,China,1998,36,46,44,1,2322.2483105184,1241935000,0,1. repressed,4. restricted,0,7,2,5,0,7,-7
710,China,1999,74,64,58,1,2477.1972094206,1252735000,0,1. repressed,4. restricted,0,8,1,5,0,7,-7
710,China,2000,41,38,33,1,2664.2060630023,1262645000,0,1. repressed,4. restricted,0,13,4,5,0,7,-7
710,China,2001,23,23,20,1,2864.4525855772,1271850000,0,1. repressed,4. restricted,0,5,3,5,0,7,-7
710,China,2002,33,32,21,1,3104.2494820949,1280400000,0,1. repressed,4. restricted,0,3,0,5,0,7,-7
710,China,2003,13,16,10,1,3393.4718570023,1288400000,0,1. repressed,4. restricted,0,7,1,5,0,7,-7
710,China,2004,13,21,11,1,3714.0876907266,1296075000,0,1. repressed,4. restricted,0,12,3,5,0,7,-7
710,China,2005,12,12,4,1,4076.3083859643,1303720000,,1. repressed,4. restricted,0,10,5,5,0,7,-7
712,,1995,,,,,,,,,,,0,0,5,9,0,9
712,,1996,,,,,,,,,,,1,0,5,10,0,10
712,,1997,,,,,,,,,,,1,0,5,10,0,10
712,,1998,,,,,,,,,,,2,0,5,10,0,10
712,,1999,,,,,,,,,,,0,0,5,10,0,10
712,,2000,,,,,,,,,,,0,0,5,10,0,10
712,,2001,,,,,,,,,,,0,0,5,10,0,10
712,,2002,,,,,,,,,,,1,0,5,10,0,10
712,Mongolia,2003,0,1,1,0,2260.0283768706,2484456,0,5. competitive,5. regulated,0,1,0,5,10,0,10
712,,2004,,,,,,,,,,,0,0,5,10,0,10
712,Mongolia,2005,0,1,0,0,2612.8160521743,2549784,,5. competitive,5. regulated,1,6,0,5,10,0,10
713,,1995,,,,,,,,,,,3,1,5,7,0,7
713,,1996,,,,,,,,,,,5,2,5,8,0,8
713,,1997,,,,,,,,,,,5,1,5,9,0,9
713,,1998,,,,,,,,,,,5,0,5,9,0,9
713,,1999,,,,,,,,,,,5,0,5,9,0,9
713,,2000,,,,,,,,,,,5,1,5,9,0,9
713,,2001,,,,,,,,,,,3,0,5,9,0,9
713,,2002,,,,,,,,,,,6,0,5,9,0,9
713,,2003,,,,,,,,,,,4,0,5,9,0,9
713,,2004,,,,,,,,,,,9,4,5,10,0,10
713,,2005,,,,,,,,,,,1,0,5,10,0,10
731,North Korea,1995,3,1,1,0,,21717418,0,1. repressed,4. restricted,0,0,0,5,0,10,-10
731,North Korea,1996,7,3,6,1,,21988734,0,1. repressed,4. restricted,0,2,1,5,0,10,-10
731,North Korea,1997,0,2,0,1,,22238115,0,1. repressed,4. restricted,0,0,0,5,0,10,-10
731,North Korea,1998,0,1,1,1,,22465445,0,1. repressed,4. restricted,1,1,0,5,0,10,-10
731,North Korea,1999,0,2,1,1,,22671897,0,1. repressed,4. restricted,0,1,1,5,0,10,-10
731,North Korea,2000,1,9,5,1,,22858710,0,1. repressed,4. restricted,0,0,0,5,0,10,-10
731,North Korea,2001,1,1,0,1,,23025293,0,1. repressed,4. restricted,0,0,0,5,0,10,-10
731,North Korea,2002,0,0,0,1,,23171871,0,1. repressed,4. restricted,0,0,0,5,0,10,-10
731,North Korea,2003,0,0,0,1,,23301815,0,1. repressed,4. restricted,0,0,0,5,0,10,-10
731,North Korea,2004,6,6,6,1,,23419659,0,1. repressed,4. restricted,0,0,0,5,0,10,-10
731,North Korea,2005,1,2,2,1,,23529081,,1. repressed,4. restricted,0,0,0,5,0,10,-10
732,South Korea,1995,2,10,13,0,15761.3163869837,45093000,0,4. transitional,3. sectarian,0,7,5,5,7,1,6
732,South Korea,1996,5,8,8,0,16704.3599696276,45525000,0,4. transitional,3. sectarian,1,9,3,5,7,1,6
732,South Korea,1997,3,1,1,0,17318.0773721061,45954000,0,4. transitional,3. sectarian,1,16,8,5,7,1,6
732,South Korea,1998,6,6,6,0,16014.9663473854,46287000,0,4. transitional,2. multiple identity,0,12,1,5,8,0,8
732,South Korea,1999,0,2,0,0,17410.0738394601,46617000,0,4. transitional,2. multiple identity,0,19,5,5,8,0,8
732,South Korea,2000,0,0,0,0,18730.4250955124,47008000,0,4. transitional,2. multiple identity,1,28,5,5,8,0,8
732,South Korea,2001,0,0,2,0,19331.1548793228,47357000,0,4. transitional,2. multiple identity,0,16,5,5,8,0,8
732,South Korea,2002,0,3,1,0,20598.0732714234,47622000,0,4. transitional,2. multiple identity,1,13,1,5,8,0,8
732,,2003,,,,,,,,,,,26,3,5,8,0,8
732,,2004,,,,,,,,,,,31,6,5,8,0,8
732,South Korea,2005,0,0,0,0,22783.2700526441,48138000,,4. transitional,2. multiple identity,0,15,2,5,8,0,8
740,Japan,1995,4,0,0,0,27562.2934614889,125439000,0,5. competitive,5. regulated,1,0,0,5,10,0,10
740,Japan,1996,1,1,1,0,28246.6670641034,125761000,0,5. competitive,5. regulated,1,0,0,5,10,0,10
740,Japan,1997,8,9,2,0,28615.1939132932,126091000,0,5. competitive,5. regulated,0,4,0,5,10,0,10
740,Japan,1998,4,3,8,1,27958.0386815892,126410000,0,5. competitive,5. regulated,1,0,0,5,10,0,10
740,Japan,1999,1,1,1,0,27865.5160193931,126650000,0,5. competitive,5. regulated,0,3,0,5,10,0,10
740,Japan,2000,0,6,0,0,28612.8061652194,126870000,0,5. competitive,5. regulated,1,1,0,5,10,0,10
740,Japan,2001,1,0,3,0,28602.6650100552,127149000,0,5. competitive,5. regulated,1,0,0,5,10,0,10
740,Japan,2002,1,1,1,0,28611.0715812404,127445000,0,5. competitive,5. regulated,0,0,0,5,10,0,10
740,Japan,2003,0,0,0,0,28953.4793377349,127718000,0,5. competitive,5. regulated,1,0,0,5,10,0,10
740,Japan,2004,0,0,0,0,29738.0265177281,127761000,0,5. competitive,5. regulated,1,1,0,5,10,0,10
740,Japan,2005,0,0,0,0,30310.3405607681,127773000,,5. competitive,5. regulated,1,0,0,5,10,0,10
750,India,1995,16,15,7,1,1410.1855434883,932180000,0,4. transitional,2. multiple identity,0,1,1,5,9,0,9
750,India,1996,40,16,3,1,1490.2520658984,948758852.8905491,0,4. transitional,2. multiple identity,1,4,2,5,9,0,9
750,India,1997,40,19,3,1,1523.8999733458,965428183.1148485,0,4. transitional,2. multiple identity,0,3,2,5,9,0,9
750,India,1998,37,19,14,1,1590.6783108495,982182462.1413488,0,4. transitional,2. multiple identity,1,6,2,5,9,0,9
750,India,1999,16,10,11,1,1679.4035051642,999016010.49748,1,4. transitional,2. multiple identity,1,1,0,5,9,0,9
750,India,2000,19,8,5,1,1718.0152644562,1015923000,1,4. transitional,2. multiple identity,0,5,4,5,9,0,9
750,India,2001,21,15,9,1,1778.6660187098,1032473426.104004,1,4. transitional,2. multiple identity,0,9,7,5,9,0,9
750,India,2002,10,4,1,1,1817.2100383756,1048640720.586305,1,4. transitional,2. multiple identity,0,4,2,5,9,0,9
750,India,2003,4,1,2,1,1940.1719140674,1064398611.551525,1,4. transitional,2. multiple identity,0,0,0,5,9,0,9
750,India,2004,1,7,0,1,2070.9700059742,1079721193.945368,1,4. transitional,2. multiple identity,1,4,3,5,9,0,9
750,India,2005,1,1,0,0,2233.9045947835,1094583000,,4. transitional,2. multiple identity,0,4,4,5,9,0,9
760,,1995,,,,,,,,,,,0,0,5,0,10,-10
760,,1996,,,,,,,,,,,0,0,5,0,10,-10
760,,1997,,,,,,,,,,,0,0,5,0,10,-10
760,,1998,,,,,,,,,,,0,0,5,0,10,-10
760,,1999,,,,,,,,,,,1,0,5,0,10,-10
760,,2000,,,,,,,,,,,0,0,5,0,10,-10
760,,2001,,,,,,,,,,,0,0,5,0,10,-10
760,,2002,,,,,,,,,,,0,0,5,0,10,-10
760,,2003,,,,,,,,,,,0,0,5,0,10,-10
760,,2004,,,,,,,,,,,0,0,5,0,10,-10
760,,2005,,,,,,,,,,,0,0,5,0,5,-5
770,Pakistan,1995,5,14,2,0,,,0,3. factional,2. multiple identity,0,3,1,5,8,0,8
770,Pakistan,1996,2,15,7,0,,,0,3. factional,2. multiple identity,0,4,2,5,8,0,8
770,Pakistan,1997,4,9,6,0,1873.1213198807,128457310.8317973,0,3. factional,2. multiple identity,1,2,2,5,7,0,7
770,Pakistan,1998,5,9,2,0,1875.2747535202,131582000,0,3. factional,2. multiple identity,0,6,4,5,7,0,7
770,Pakistan,1999,0,6,2,0,1897.6472149402,134790000,0,2. suppressed,4. restricted,0,5,1,5,0,6,-6
770,Pakistan,2000,4,3,1,0,1931.3476680236,138080000,0,2. suppressed,4. restricted,0,1,0,5,0,6,-6
770,Pakistan,2001,2,9,3,0,,,0,2. suppressed,4. restricted,0,12,7,5,0,6,-6
770,Pakistan,2002,1,1,0,0,,,0,2. suppressed,4. restricted,1,4,1,5,0,5,-5
770,Pakistan,2003,0,1,2,0,1982.9199511428,148438764.3420664,0,2. suppressed,4. restricted,0,4,1,5,0,5,-5
770,Pakistan,2004,0,3,1,0,,,0,2. suppressed,4. restricted,0,3,1,5,0,5,-5
770,Pakistan,2005,4,3,4,0,2184.3595763337,155772000,,2. suppressed,4. restricted,0,8,2,5,0,5,-5
771,Bangladesh,1995,2,5,1,0,761.1728526093,128086442,0,3. factional,2. multiple identity,0,13,10,5,6,0,6
771,Bangladesh,1996,5,29,5,0,780.9652642275,130610358,0,3. factional,2. multiple identity,1,6,3,5,6,0,6
771,Bangladesh,1997,5,6,4,0,807.3560274271,133147667,0,3. factional,2. multiple identity,0,13,7,5,6,0,6
771,Bangladesh,1998,2,5,2,0,833.6301998827,135692110,0,3. factional,2. multiple identity,0,11,8,5,6,0,6
771,Bangladesh,1999,2,7,4,0,858.1426994989999,138234550,0,3. factional,2. multiple identity,0,23,14,5,6,0,6
771,Bangladesh,2000,4,5,1,0,892.7995944531,140766909,0,3. factional,2. multiple identity,0,12,7,5,6,0,6
771,Bangladesh,2001,2,2,1,0,923.3453552797,143288578,0,3. factional,2. multiple identity,1,4,4,5,6,0,6
771,Bangladesh,2002,8,14,5,0,947.5254160615,145797298,0,3. factional,2. multiple identity,0,4,0,5,6,0,6
771,Bangladesh,2003,3,4,2,0,980.6198422441,148281341,0,3. factional,2. multiple identity,0,5,0,5,6,0,6
771,Bangladesh,2004,0,0,0,0,1025.2057329179,150726249,0,3. factional,2. multiple identity,0,9,4,5,6,0,6
771,Bangladesh,2005,3,3,0,0,1069.2656879857,153122039,,3. factional,2. multiple identity,0,10,4,5,6,0,6
775,Myanmar,1995,39,34,24,0,,43863723,0,1. repressed,4. restricted,0,0,0,5,0,7,-7
775,Myanmar,1996,48,28,40,0,,44454324,0,1. repressed,4. restricted,0,8,1,5,0,7,-7
775,Myanmar,1997,32,26,25,0,,45043447,0,1. repressed,4. restricted,0,1,0,5,0,7,-7
775,Myanmar,1998,31,35,28,0,,45613609,0,1. repressed,4. restricted,0,2,0,5,0,7,-7
775,Myanmar,1999,16,16,17,0,,46140860,0,1. repressed,4. restricted,0,0,0,5,0,7,-7
775,Myanmar,2000,20,27,20,0,,46609819,0,1. repressed,4. restricted,0,0,0,5,0,7,-7
775,Myanmar,2001,17,24,14,0,,47013700,0,1. repressed,4. restricted,0,0,0,5,0,7,-7
775,Myanmar,2002,16,7,11,0,,47362972,0,1. repressed,4. restricted,0,0,0,5,0,7,-7
775,Myanmar,2003,25,11,17,0,,47680888,0,1. repressed,4. restricted,0,0,0,5,0,7,-7
775,Myanmar,2004,20,13,12,0,,48000213,0,1. repressed,4. restricted,0,0,0,5,0,8,-8
775,Myanmar,2005,35,12,14,0,,48345422,,1. repressed,4. restricted,0,0,0,5,0,8,-8
780,,1995,,,,,,,,,,,1,0,5,6,1,5
780,,1996,,,,,,,,,,,1,0,5,6,1,5
780,,1997,,,,,,,,,,,2,1,5,6,1,5
780,,1998,,,,,,,,,,,1,0,5,6,1,5
780,,1999,,,,,,,,,,,3,1,5,6,1,5
780,,2000,,,,,,,,,,,1,0,5,6,1,5
780,,2001,,,,,,,,,,,5,2,5,7,1,6
780,,2002,,,,,,,,,,,0,0,5,7,1,6
780,,2003,,,,,,,,,,,2,0,5,6,1,5
780,,2004,,,,,,,,,,,0,0,5,6,1,5
780,,2005,,,,,,,,,,,5,0,5,6,1,5
781,,1995,,,,,,,,,,,,,,,,
781,,1996,,,,,,,,,,,,,,,,
781,,1997,,,,,,,,,,,,,,,,
781,,1998,,,,,,,,,,,,,,,,
781,,1999,,,,,,,,,,,,,,,,
790,Nepal,1995,2,3,2,0,808.6425140992,21624484,0,0. not applicable,2. multiple identity,0,5,3,5,5,0,5
790,Nepal,1996,8,15,7,0,830.7481769408,22170625,0,0. not applicable,2. multiple identity,0,5,2,5,5,0,5
790,Nepal,1997,3,6,3,0,851.2708792459,22728453,0,0. not applicable,2. multiple identity,0,12,3,5,5,0,5
790,Nepal,1998,2,3,2,0,855.6485042350999,23294242,0,0. not applicable,2. multiple identity,0,6,2,5,5,0,5
790,Nepal,1999,2,6,4,0,872.1007840279,23863278,0,4. transitional,3. sectarian,1,5,4,5,7,1,6
790,Nepal,2000,5,5,10,0,904.6208887883,24431756,0,4. transitional,3. sectarian,0,17,7,5,7,1,6
790,Nepal,2001,5,10,7,0,926.5529856221,24998406,0,4. transitional,3. sectarian,0,4,1,5,7,1,6
790,Nepal,2002,22,16,12,0,907.1852664581,25562694,1,3. factional,3. sectarian,0,5,0,5,1,7,-6
790,Nepal,2003,14,18,8,0,922.7661777631999,26122557,1,3. factional,3. sectarian,0,5,1,5,1,7,-6
790,Nepal,2004,24,31,16,0,945.9370085460999,26675935,1,3. factional,3. sectarian,0,2,1,5,1,7,-6
790,Nepal,2005,13,28,12,0,955.9273737447,27221542,,3. factional,3. sectarian,0,15,1,5,1,7,-6
800,,1995,,,,,,,,,,,0,0,5,9,0,9
800,Thailand,1996,0,0,0,0,5930.2128577337,60620685,0,4. transitional,2. multiple identity,1,0,0,5,9,0,9
800,Thailand,1997,0,1,2,0,5810.3650710065,61022597,0,4. transitional,2. multiple identity,0,5,0,5,9,0,9
800,Thailand,1998,0,6,2,0,5167.8019035901,61399225,0,4. transitional,2. multiple identity,0,5,2,5,9,0,9
800,Thailand,1999,2,3,0,0,5360.5616838308,61823995,0,4. transitional,2. multiple identity,0,3,0,5,9,0,9
800,Thailand,2000,0,2,1,0,5568.1043431965,62346822,0,4. transitional,2. multiple identity,0,7,2,5,9,0,9
800,Thailand,2001,0,2,1,0,5630.5800143333,62991263,0,4. transitional,2. multiple identity,1,11,1,5,9,0,9
800,Thailand,2002,2,3,0,0,5860.8437383161,63734437,0,4. transitional,2. multiple identity,0,8,1,5,9,0,9
800,Thailand,2003,2,0,0,0,6202.5761894272,64522878,0,4. transitional,2. multiple identity,0,8,0,5,9,0,9
800,Thailand,2004,3,1,0,0,6519.7048046971,65278655,0,4. transitional,2. multiple identity,0,13,1,5,9,0,9
800,Thailand,2005,3,0,0,0,6750.9362370756,65945675,,4. transitional,2. multiple identity,1,12,2,5,9,0,9
811,Cambodia,1995,0,2,1,0,795.8395807052,11380387,0,3. factional,3. sectarian,0,0,0,5,3,2,1
811,Cambodia,1996,2,5,1,0,816.9722036145,11686023,0,3. factional,3. sectarian,0,1,0,5,3,2,1
811,Cambodia,1997,1,3,2,0,841.9749382778,11976231,0,1. repressed,4. restricted,0,2,0,5,0,7,-7
811,Cambodia,1998,1,4,0,0,864.3085531019,12251159,0,4. transitional,3. sectarian,1,5,3,5,3,1,2
811,Cambodia,1999,0,1,0,0,947.0891303167,12511895,0,4. transitional,3. sectarian,0,1,0,5,3,1,2
811,,2000,,,,,,,,,,,3,0,5,3,1,2
811,Cambodia,2001,0,1,0,0,1071.5985348474,12994429,0,4. transitional,3. sectarian,0,0,0,5,3,1,2
811,Cambodia,2002,0,1,0,0,1124.0274884845,13216835,0,4. transitional,3. sectarian,0,0,0,5,3,1,2
811,Cambodia,2003,1,0,0,0,1200.0917413487,13432081,0,4. transitional,3. sectarian,1,3,2,5,3,1,2
811,Cambodia,2004,0,1,0,0,1303.3523991774,13646804,0,4. transitional,3. sectarian,0,3,0,5,3,1,2
811,Cambodia,2005,0,1,0,0,1452.7087600137,13866051,,4. transitional,3. sectarian,0,0,0,5,3,1,2
812,Laos,1995,3,0,3,0,1105.2259862569,4808652,0,1. repressed,4. restricted,0,0,0,5,0,7,-7
812,Laos,1996,2,0,3,0,1152.2597159451,4931929,0,1. repressed,4. restricted,0,0,0,5,0,7,-7
812,Laos,1997,3,0,4,0,1201.3330802147,5055546,0,1. repressed,4. restricted,1,0,0,5,0,7,-7
812,Laos,1998,4,1,5,0,1219.658894859,5177155,0,1. repressed,4. restricted,0,0,0,5,0,7,-7
812,Laos,1999,3,0,4,0,1279.956420692,5293707,0,1. repressed,4. restricted,0,1,0,5,0,7,-7
812,Laos,2000,3,4,6,1,1326.5708738453,5403262,0,1. repressed,4. restricted,0,1,0,5,0,7,-7
812,Laos,2001,4,2,6,1,1377.230704175,5504654,0,1. repressed,4. restricted,0,0,0,5,0,7,-7
812,Laos,2002,3,6,6,1,1434.0689879784,5599120,0,1. repressed,4. restricted,1,0,0,5,0,7,-7
812,Laos,2003,3,5,5,1,1497.4179697566,5690114,0,1. repressed,4. restricted,0,0,0,5,0,7,-7
812,Laos,2004,6,9,4,1,1567.7938015527,5782514,0,1. repressed,4. restricted,0,0,0,5,0,7,-7
812,Laos,2005,3,4,5,1,1651.3025212521,5879880,,1. repressed,4. restricted,0,0,0,5,0,7,-7
816,Viet Nam,1995,10,0,8,0,1214.1361344721,72980000,0,1. repressed,4. restricted,0,0,0,5,,,
816,Viet Nam,1996,11,2,9,1,1303.9518920905,74300000,0,1. repressed,4. restricted,0,2,2,5,,,
816,Viet Nam,1997,9,0,8,0,1388.5722271518,75460000,0,1. repressed,4. restricted,1,2,2,5,,,
816,Viet Nam,1998,9,0,8,0,,,0,1. repressed,4. restricted,0,0,0,5,,,
816,Viet Nam,1999,6,0,8,0,,,0,1. repressed,4. restricted,0,0,0,5,,,
816,Viet Nam,2000,1,1,3,0,1597.1168922192,77635400,0,1. repressed,4. restricted,0,1,0,5,,,
816,Viet Nam,2001,3,3,3,1,,,0,1. repressed,4. restricted,0,1,1,5,,,
816,Viet Nam,2002,4,3,4,1,,,0,1. repressed,4. restricted,1,0,0,5,,,
816,Viet Nam,2003,4,0,4,1,,,0,1. repressed,4. restricted,0,0,0,5,,,
816,Viet Nam,2004,4,1,4,1,,,0,1. repressed,4. restricted,0,1,0,5,,,
816,Viet Nam,2005,3,1,3,1,2142.7352419578,83106300,,1. repressed,4. restricted,0,0,0,5,,,
818,,1995,,,,,,,,,,,,,,0,7,-7
818,,1996,,,,,,,,,,,,,,0,7,-7
818,,1997,,,,,,,,,,,,,,0,7,-7
818,,1998,,,,,,,,,,,,,,0,7,-7
818,,1999,,,,,,,,,,,,,,0,7,-7
818,,2000,,,,,,,,,,,,,,0,7,-7
818,,2001,,,,,,,,,,,,,,0,7,-7
818,,2002,,,,,,,,,,,,,,0,7,-7
818,,2003,,,,,,,,,,,,,,0,7,-7
818,,2004,,,,,,,,,,,,,,0,7,-7
818,,2005,,,,,,,,,,,,,,0,7,-7
820,Malaysia,1995,2,3,1,0,9185.2902104026,20593952,0,3. factional,3. sectarian,1,3,0,5,4,1,3
820,Malaysia,1996,0,1,0,0,9849.760782932301,21125658,0,3. factional,3. sectarian,0,3,1,5,4,1,3
820,Malaysia,1997,2,1,1,0,10305.7428613964,21669475,0,3. factional,3. sectarian,0,4,0,5,4,1,3
820,Malaysia,1998,19,10,6,1,9312.2663742801,22216395,0,3. factional,3. sectarian,0,10,2,5,4,1,3
820,Malaysia,1999,12,14,4,1,9650.2728631176,22754049,0,3. factional,3. sectarian,1,8,0,5,4,1,3
820,Malaysia,2000,9,8,4,1,10270.6575917424,23273615,0,3. factional,3. sectarian,0,10,0,5,4,1,3
820,Malaysia,2001,14,7,6,1,10107.650372785,23771376,0,3. factional,3. sectarian,0,7,0,5,4,1,3
820,Malaysia,2002,16,9,4,1,10442.3218009691,24249955,0,3. factional,3. sectarian,0,3,1,5,4,1,3
820,Malaysia,2003,15,8,2,1,10839.0668814411,24714656,0,3. factional,3. sectarian,0,4,0,5,4,1,3
820,Malaysia,2004,7,5,1,1,11363.2253960126,25173798,0,3. factional,3. sectarian,1,1,0,5,4,1,3
820,Malaysia,2005,6,5,2,1,11754.5333543945,25633380,,3. factional,3. sectarian,0,1,0,5,4,1,3
830,Singapore,1995,1,1,0,0,31505.0202618179,3524500,0,2. suppressed,4. restricted,0,0,0,5,2,4,-2
830,Singapore,1996,0,1,0,0,32606.8028687438,3670700,0,2. suppressed,4. restricted,0,0,0,5,2,4,-2
830,,1997,,,,,,,,,,,0,0,5,2,4,-2
830,,1998,,,,,,,,,,,0,0,5,2,4,-2
830,,1999,,,,,,,,,,,0,0,5,2,4,-2
830,,2000,,,,,,,,,,,0,0,5,2,4,-2
830,Singapore,2001,0,0,0,0,35590.0463644386,4138000,0,2. suppressed,4. restricted,1,1,1,5,2,4,-2
830,Singapore,2002,0,0,0,0,36732.232820177,4176000,0,2. suppressed,4. restricted,0,0,0,5,2,4,-2
830,,2003,,,,,,,,,,,0,0,5,2,4,-2
830,,2004,,,,,,,,,,,0,0,5,2,4,-2
830,,2005,,,,,,,,,,,0,0,5,2,4,-2
835,,1995,,,,,,,,,,,,,,,,
835,,1996,,,,,,,,,,,,,,,,
835,,1997,,,,,,,,,,,,,,,,
835,,1998,,,,,,,,,,,,,,,,
835,,1999,,,,,,,,,,,,,,,,
840,Philippines,1995,2,5,1,0,2368.4958940442,69965048,0,4. transitional,2. multiple identity,1,3,0,5,8,0,8
840,Philippines,1996,4,14,16,0,2453.2227018319,71497479,0,4. transitional,2. multiple identity,0,4,1,5,8,0,8
840,Philippines,1997,4,11,7,0,2525.9664614891,73039103,0,4. transitional,2. multiple identity,0,1,0,5,8,0,8
840,Philippines,1998,4,9,6,0,2459.2721498026,74587233,0,4. transitional,2. multiple identity,0,0,0,5,8,0,8
840,Philippines,1999,7,9,6,0,2491.0035878676,76138118,0,4. transitional,2. multiple identity,0,1,0,5,8,0,8
840,Philippines,2000,12,16,6,0,2586.9707244429,77689369,1,4. transitional,2. multiple identity,0,7,0,5,8,0,8
840,Philippines,2001,7,9,4,1,2580.9053013124,79239125,0,4. transitional,2. multiple identity,1,3,1,5,8,0,8
840,Philippines,2002,3,5,4,0,2644.0262795771,80788948,0,4. transitional,2. multiple identity,0,0,0,5,8,0,8
840,Philippines,2003,6,12,6,0,2721.9772940755,82343966,0,4. transitional,2. multiple identity,0,0,0,5,8,0,8
840,Philippines,2004,1,0,0,0,2841.5376766036,83911361,0,4. transitional,2. multiple identity,0,1,0,5,8,0,8
840,Philippines,2005,2,2,1,0,2926.9746180258,85495923,,4. transitional,2. multiple identity,0,3,0,5,8,0,8
850,Indonesia,1995,33,33,15,1,2823.0568745569,191501345,0,2. suppressed,4. restricted,0,5,0,5,0,7,-7
850,Indonesia,1996,33,35,9,1,2995.6023374335,194263955,0,2. suppressed,4. restricted,0,7,4,5,0,7,-7
850,Indonesia,1997,33,28,5,1,3092.6161858756,197013740,0,2. suppressed,4. restricted,1,5,3,5,0,7,-7
850,Indonesia,1998,37,26,9,1,2649.7242725057,199759782,0,2. suppressed,3. sectarian,0,23,11,5,0,5,-5
850,Indonesia,1999,59,63,5,1,2634.378462636,202512990,0,4. transitional,3. sectarian,1,15,5,5,7,1,6
850,Indonesia,2000,45,55,6,1,2726.7298538516,205280270,0,4. transitional,3. sectarian,0,9,7,5,7,1,6
850,Indonesia,2001,26,43,6,1,2788.2743414184,208063567,0,4. transitional,3. sectarian,0,5,3,5,7,1,6
850,Indonesia,2002,13,10,0,1,2875.1146136612,210858191,0,4. transitional,3. sectarian,0,6,0,5,7,1,6
850,Indonesia,2003,44,50,12,1,2973.1129755828,213655540,0,4. transitional,3. sectarian,0,3,1,5,7,1,6
850,Indonesia,2004,17,16,1,1,3082.4675215223,216443240,0,4. transitional,2. multiple identity,1,3,2,5,8,0,8
850,Indonesia,2005,7,2,0,1,3216.8149089496,219210292,,4. transitional,2. multiple identity,0,3,0,5,8,0,8
860,,1995,0,0,1,0,,848603,,,,0,,,,,,
860,,1996,0,0,1,0,,846618,,,,0,,,,,,
860,,1997,0,0,1,0,,834891,,,,0,,,,,,
860,,1998,1,1,1,0,,820034,,,,0,,,,,,
860,,1999,1,1,1,0,772.3551130972,811323,,,,0,,,,,,
860,,2000,0,5,0,0,873.5600906350001,815310,,,,0,,,,,,
860,,2001,2,2,0,0,747.3763899794,834521,,,,0,,,,,,
860,East Timor,2002,4,5,0,0,737.0783716971,866655,0,0. not applicable,2. multiple identity,0,1,1,5,6,0,6
860,East Timor,2003,0,4,0,0,704.6180813543,907539,0,0. not applicable,2. multiple identity,0,0,0,5,6,0,6
860,East Timor,2004,1,0,0,0,700.5492599569,950750,0,0. not applicable,2. multiple identity,0,2,1,5,6,0,6
860,,2005,,,,,,,,,,,1,0,5,6,0,6
900,Australia,1995,1,0,1,0,27003.9742942852,18072000,0,5. competitive,5. regulated,0,,,,10,0,10
900,Australia,1996,2,1,0,0,27690.9194842758,18311000,0,5. competitive,5. regulated,1,,,,10,0,10
900,Australia,1997,3,4,0,0,28615.0967915804,18517000,0,5. competitive,5. regulated,0,,,,10,0,10
900,Australia,1998,4,2,1,0,29790.9522194375,18711000,0,5. competitive,5. regulated,1,,,,10,0,10
900,Australia,1999,2,4,1,0,30630.6321064261,18926000,0,5. competitive,5. regulated,0,,,,10,0,10
900,Australia,2000,0,1,0,1,30842.6664621432,19153000,0,5. competitive,5. regulated,0,,,,10,0,10
900,Australia,2001,2,0,1,0,31585.909813182,19413000,0,5. competitive,5. regulated,1,,,,10,0,10
900,Australia,2002,1,0,1,1,32201.2217912391,19651400,0,5. competitive,5. regulated,0,,,,10,0,10
900,,2003,,,,,,,,,,,,,,10,0,10
900,Australia,2004,0,1,0,0,33612.8178450438,20127400,0,5. competitive,5. regulated,1,,,,10,0,10
900,Australia,2005,0,1,1,0,34167.2557842813,20394800,,5. competitive,5. regulated,0,,,,10,0,10
910,Papua New Guinea,1995,1,4,0,1,2251.6473511063,4709349,0,0. not applicable,1. unregulated,0,1,0,8,4,0,4
910,Papua New Guinea,1996,2,6,1,1,2361.3375827026,4837876,0,0. not applicable,1. unregulated,0,1,0,8,4,0,4
910,Papua New Guinea,1997,0,5,0,1,2208.4822562074,4970756,0,0. not applicable,1. unregulated,1,2,2,8,4,0,4
910,Papua New Guinea,1998,3,2,0,0,2068.4300490942,5107284,0,0. not applicable,1. unregulated,0,1,0,8,4,0,4
910,Papua New Guinea,1999,1,1,0,0,2050.9124701432,5246485,0,0. not applicable,1. unregulated,0,0,0,8,4,0,4
910,,2000,,,,,,,,,,,2,0,8,4,0,4
910,,2001,,,,,,,,,,,5,2,8,4,0,4
910,Papua New Guinea,2002,0,3,0,0,1843.6688332538,5674695,0,0. not applicable,1. unregulated,1,0,0,8,4,0,4
910,Papua New Guinea,2003,2,1,0,0,1836.3201318168,5820702,0,0. not applicable,1. unregulated,0,0,0,8,4,0,4
910,Papua New Guinea,2004,6,3,0,0,1839.5748005012,5968515,0,0. not applicable,1. unregulated,0,2,0,8,4,0,4
910,Papua New Guinea,2005,1,1,0,0,1859.1025801536,6118202,,0. not applicable,1. unregulated,0,5,1,8,4,0,4
920,,1995,,,,,,,,,,,,,,10,0,10
920,,1996,,,,,,,,,,,,,,10,0,10
920,,1997,,,,,,,,,,,,,,10,0,10
920,,1998,,,,,,,,,,,,,,10,0,10
920,,1999,,,,,,,,,,,,,,10,0,10
920,,2000,,,,,,,,,,,,,,10,0,10
920,,2001,,,,,,,,,,,,,,10,0,10
920,,2002,,,,,,,,,,,,,,10,0,10
920,,2003,,,,,,,,,,,,,,10,0,10
920,,2004,,,,,,,,,,,,,,10,0,10
920,,2005,,,,,,,,,,,,,,10,0,10
935,,1995,,,,,,,,,,,,,,,,
935,,1996,,,,,,,,,,,,,,,,
935,,1997,,,,,,,,,,,,,,,,
935,,1998,,,,,,,,,,,,,,,,
935,,1999,,,,,,,,,,,,,,,,
935,,2000,,,,,,,,,,,,,,,,
935,,2001,,,,,,,,,,,,,,,,
935,,2002,,,,,,,,,,,,,,,,
935,,2003,,,,,,,,,,,,,,,,
935,,2004,,,,,,,,,,,,,,,,
935,,2005,,,,,,,,,,,,,,,,
940,,1995,,,,,,,,,,,,,,8,0,8
940,,1996,,,,,,,,,,,,,,8,0,8
940,,1997,,,,,,,,,,,,,,8,0,8
940,,1998,,,,,,,,,,,,,,8,0,8
940,,1999,,,,,,,,,,,,,,8,0,8
940,,2000,,,,,,,,,,,,,,-77,-77,0
940,,2001,,,,,,,,,,,,,,-77,-77,0
940,,2002,,,,,,,,,,,,,,-77,-77,0
940,,2003,,,,,,,,,,,,,,-66,-66,
940,,2004,,,,,,,,,,,,,,9,1,8
940,,2005,,,,,,,,,,,,,,9,1,8
946,,1995,,,,,,,,,,,,,,,,
946,,1996,,,,,,,,,,,,,,,,
946,,1997,,,,,,,,,,,,,,,,
946,,1998,,,,,,,,,,,,,,,,
946,,1999,,,,,,,,,,,,,,,,
946,,2000,,,,,,,,,,,,,,,,
946,,2001,,,,,,,,,,,,,,,,
946,,2002,,,,,,,,,,,,,,,,
946,,2003,,,,,,,,,,,,,,,,
946,,2004,,,,,,,,,,,,,,,,
946,,2005,,,,,,,,,,,,,,,,
947,,1995,,,,,,,,,,,,,,,,
947,,1996,,,,,,,,,,,,,,,,
947,,1997,,,,,,,,,,,,,,,,
947,,1998,,,,,,,,,,,,,,,,
947,,1999,,,,,,,,,,,,,,,,
947,,2000,,,,,,,,,,,,,,,,
947,,2001,,,,,,,,,,,,,,,,
947,,2002,,,,,,,,,,,,,,,,
947,,2003,,,,,,,,,,,,,,,,
947,,2004,,,,,,,,,,,,,,,,
947,,2005,,,,,,,,,,,,,,,,
950,,1995,,,,,,,,,,,,,,6,1,5
950,,1996,,,,,,,,,,,,,,6,1,5
950,,1997,,,,,,,,,,,,,,6,1,5
950,,1998,,,,,,,,,,,,,,6,1,5
950,,1999,,,,,,,,,,,,,,7,1,6
950,,2000,,,,,,,,,,,,,,-88,-88,5
950,,2001,,,,,,,,,,,,,,6,1,5
950,,2002,,,,,,,,,,,,,,6,1,5
950,,2003,,,,,,,,,,,,,,6,1,5
950,,2004,,,,,,,,,,,,,,7,1,6
950,,2005,,,,,,,,,,,,,,7,1,6
970,,1995,,,,,,,,,,,,,,,,
970,,1996,,,,,,,,,,,,,,,,
970,,1997,,,,,,,,,,,,,,,,
970,,1998,,,,,,,,,,,,,,,,
970,,1999,,,,,,,,,,,,,,,,
970,,2000,,,,,,,,,,,,,,,,
970,,2001,,,,,,,,,,,,,,,,
970,,2002,,,,,,,,,,,,,,,,
970,,2003,,,,,,,,,,,,,,,,
970,,2004,,,,,,,,,,,,,,,,
970,,2005,,,,,,,,,,,,,,,,
983,,1995,,,,,,,,,,,,,,,,
983,,1996,,,,,,,,,,,,,,,,
983,,1997,,,,,,,,,,,,,,,,
983,,1998,,,,,,,,,,,,,,,,
983,,1999,,,,,,,,,,,,,,,,
983,,2000,,,,,,,,,,,,,,,,
983,,2001,,,,,,,,,,,,,,,,
983,,2002,,,,,,,,,,,,,,,,
983,,2003,,,,,,,,,,,,,,,,
983,,2004,,,,,,,,,,,,,,,,
983,,2005,,,,,,,,,,,,,,,,
986,,1995,,,,,,,,,,,,,,,,
986,,1996,,,,,,,,,,,,,,,,
986,,1997,,,,,,,,,,,,,,,,
986,,1998,,,,,,,,,,,,,,,,
986,,1999,,,,,,,,,,,,,,,,
986,,2000,,,,,,,,,,,,,,,,
986,,2001,,,,,,,,,,,,,,,,
986,,2002,,,,,,,,,,,,,,,,
986,,2003,,,,,,,,,,,,,,,,
986,,2004,,,,,,,,,,,,,,,,
986,,2005,,,,,,,,,,,,,,,,
987,,1995,,,,,,,,,,,,,,,,
987,,1996,,,,,,,,,,,,,,,,
987,,1997,,,,,,,,,,,,,,,,
987,,1998,,,,,,,,,,,,,,,,
987,,1999,,,,,,,,,,,,,,,,
987,,2000,,,,,,,,,,,,,,,,
987,,2001,,,,,,,,,,,,,,,,
987,,2002,,,,,,,,,,,,,,,,
987,,2003,,,,,,,,,,,,,,,,
987,,2004,,,,,,,,,,,,,,,,
987,,2005,,,,,,,,,,,,,,,,
990,,1995,,,,,,,,,,,,,,,,
990,,1996,,,,,,,,,,,,,,,,
990,,1997,,,,,,,,,,,,,,,,
990,,1998,,,,,,,,,,,,,,,,
990,,1999,,,,,,,,,,,,,,,,
529,,2001,,,,,,,,,,,,,,3,2,1
529,,2002,,,,,,,,,,,,,,3,2,1
529,,2003,,,,,,,,,,,,,,3,2,1
529,,2004,,,,,,,,,,,,,,3,2,1
529,,2005,,,,,,,,,,,,,,1,4,-3
